socot,Name1,Name2,,
1,Đồng hồ Nữ 36041 Hàn Quốc Dây Da JU1016 JA-844 (Xanh Đen),Đồng hồ Nữ Julius Hàn Quốc Dây Da JU1016 JA-844 (Xanh Đen),,
2,Đồng Hồ Thông Minh 35225 Amazfit Bip - Hàng Chính Hãng,Đồng Hồ Thông Minh Xiaomi Amazfit Bip - Hàng Chính Hãng,,
3,Đồng hồ thông minh Smart Watch Uwatch DZ09 - Hàng nhập khẩu,Đồng hồ thông minh Smart Watch Uwatch DZ09 - Hàng nhập khẩu,,
4,Đồng hồ thông minh Smart watch A1 (Đen),Đồng hồ thông minh Smart watch A1 (Đen),,
5,Đồng hồ thông minh C1 Plus,Đồng hồ thông minh C1 Plus,,
6,Bộ đồng hồ thông minh DZ09 tặng viết cảm ứng,Bộ đồng hồ thông minh DZ09 tặng viết cảm ứng,,
7,"Đồng hồ thông minh X86 – Kết nối Wifi, 3G pin khủng 600Mah","Đồng hồ thông minh X86 – Kết nối Wifi, 3G pin khủng 600Mah",,
8,Đồng hồ thông minh SmartWatch M9 (Đen),Đồng hồ thông minh SmartWatch M9 (Đen),,
9,Đồng hồ thông minh C3 plus đời 2017 tặng bút cảm ứng,Đồng hồ thông minh C3 plus đời 2017 tặng bút cảm ứng,,
10,Đồng hồ thông minh DZ09 (Vàng) và Viết cảm ứng,Đồng hồ thông minh DZ09 (Vàng) và Viết cảm ứng,,
11,Đồng hồ thông minh và định vị trẻ em Q50 - Hàng nhập khẩu,Đồng hồ thông minh và định vị trẻ em Q50 - Hàng nhập khẩu,,
12,Đồng Hồ Thông Minh V8 Bluetooth Màn Hình Tròn 1.22 inch,Đồng Hồ Thông Minh V8 Bluetooth Màn Hình Tròn 1.22 inch,,
13,Đồng hồ thông minh InWatch Black đời 2017,Đồng hồ thông minh InWatch Black đời 2017,,
14,Đồng hồ thông minh SMARTWATCH giá rẻ DZ09 - BẠC.8,Đồng hồ thông minh SMARTWATCH giá rẻ DZ09 - BẠC.8,,
15,Đồng Hồ Thông Minh SmartWatch DMT08,Đồng Hồ Thông Minh SmartWatch DMT08,,
16,Đồng hồ thông minh Smart Watch X6 Màn Hình Cong,Đồng hồ thông minh Smart Watch X6 Màn Hình Cong,,
17,Đồng hồ thông minh đa màu sắc Smartwatch SA01,Đồng hồ thông minh đa màu sắc Smartwatch SA01,,
18,Đồng hồ thông minh điện thoại 2017 (Hồng),Đồng hồ thông minh điện thoại 2017 (Hồng),,
19,Đồng hồ thông minh Smart Watch X6 Màn Hình Cong Cao cấp Tiếng Việt,Đồng hồ thông minh Smart Watch X6 Màn Hình Cong Cao cấp Tiếng Việt,,
20,Móc Khoá Đồng Hồ Điện Tử Đèn Led Hiện Giờ,Móc Khoá Đồng Hồ Điện Tử Đèn Led Hiện Giờ,,
21,Đồng hồ thông minh Q9 có Wifi/3G – Hỗ trợ khe cắm thẻ nhớ TFcard,Đồng hồ thông minh Q9 có Wifi/3G – Hỗ trợ khe cắm thẻ nhớ TFcard,,
22,Vòng đeo tay thông minh Smart Band M3 Đo Nhịp Tim kết nối Bluetooth ( blue ),Vòng đeo tay thông minh Smart Band M3,,
23,Đồng hồ nam 67645 9069 có lịch ngày chống nước 30m dây thép không gỉ cao cấp,Đồng hồ nam Skmei 9069 có lịch ngày chống nước 30m dây thép không gỉ cao cấp,,
24,Đồng hồ thời trang nam Quartz siêu tiết kiệm pin,Đồng hồ thời trang nam Quartz siêu tiết kiệm pin,,
25,Đồng hồ nam DIZIZID chống nước mặt siêu mỏng Original Design dây thép lụa cao cấp DZ01,Đồng hồ nam DIZIZID chống nước mặt siêu mỏng Original Design dây thép lụa cao cấp DZ01,,
26,"đồng hồ nam halei dây vàng mặt đen,chống nước ,chống xước tuyệt đối","đồng hồ nam halei dây vàng mặt đen,chống nước ,chống xước tuyệt đối",,
27,Đồng Hồ Nam Thời Trang Cao Cấp Chống Nước L121 Dây Thép Không Gỉ,Đồng Hồ Nam Thời Trang Cao Cấp Chống Nước L121 Dây Thép Không Gỉ,,
28,"Đồng hồ nam chống nước cao cấp có 6 kim , lịch , thép không gỉ QBIN Shop","Đồng hồ nam chống nước cao cấp có 6 kim , lịch , thép không gỉ QBIN Shop",,
29,Đồng Hồ Nam Thời Trang Chống Nước 67645 9069 ( Vàng) SK 002,Đồng Hồ Nam Thời Trang Chống Nước Skmei 9069 ( Vàng) SK 002,,
30,"Đồng Hồ Nam PANARS USA Kiểu Dáng Quân Đội Cực Chất, Chống Nước Thoải Mái","Đồng Hồ Nam PANARS USA Kiểu Dáng Quân Đội Cực Chất, Chống Nước Thoải Mái",,
31,"Đồng Hồ Nam 0MEGA 075 Dây Da Chống Xước, Chống Nước","Đồng Hồ Nam 0MEGA 075 Dây Da Chống Xước, Chống Nước",,
32,"Đồng hồ nam Halei dây vàng mặt trắng,chống nước,chống xước.","Đồng hồ nam Halei dây vàng mặt trắng,chống nước,chống xước.",,
33,Đồng hồ nam chống nước DIZIZID mặt siêu mỏng dây thép lụa đen có lịch,Đồng hồ nam chống nước DIZIZID mặt siêu mỏng dây thép lụa đen có lịch,,
34,Đồng hồ nam mặt siêu mỏng DIZIZID dây Titanium có kèm lịch ngày cao cấp DZ3N01,Đồng hồ nam mặt siêu mỏng DIZIZID dây Titanium có kèm lịch ngày cao cấp DZ3N01,,
35,"Đồng hồ nam halei 2V vàng chống nước, chống xước","Đồng hồ nam halei 2V vàng chống nước, chống xước",,
36,"Đồng Hồ Nam Dây Da Cao Cấp KASHIDUN, Chống Nước 30m","Đồng Hồ Nam Dây Da Cao Cấp KASHIDUN, Chống Nước 30m",,
37,Đồng hồ Nam 32338 2302 Kính Tráng SAPPHIRE - Chống nước cực tốt – Chạy Full Kim,Đồng hồ Nam NIBOSI 2302 Kính Tráng SAPPHIRE - Chống nước cực tốt – Chạy Full Kim,,
38,Đồng hồ nam cao cấp kính sapphire dây thép kim loại chống xước chống nước,Đồng hồ nam cao cấp kính sapphire dây thép kim loại chống xước chống nước,,
39,Đồng hồ nam DIZIZID DHCN03 chống nước Original Design dây thép lụa thời trang cao cấp,Đồng hồ nam DIZIZID DHCN03 chống nước Original Design dây thép lụa thời trang cao cấp,,
40,Đồng hồ nam thời trang chống nước 67645 ( Đen ) SK 01,Đồng hồ nam thời trang chống nước Skmei ( Đen ) SK 01,,
41,ĐỒNG HỒ NAM 32338 2309T (1985) DÂY THÉP ĐÚC CAO CẤP CHẠY 6 KIM,ĐỒNG HỒ NAM NIBOSI 2309T (1985) DÂY THÉP ĐÚC CAO CẤP CHẠY 6 KIM,,
42,Đồng hồ nam thời trang chống nước 67645 ( Đen ) 01,Đồng hồ nam thời trang chống nước Skmei ( Đen ) 01,,
43,"Cặp Đồng hồ Halei nam nữ cao cấp chống xước, chống nước tuyệt đối (Giá 1 đôi)","Cặp Đồng hồ Halei nam nữ cao cấp chống xước, chống nước tuyệt đối (Giá 1 đôi)",,
44,"Đồng Hồ Nam R0LEX R028 Dây Da Chống Xước, Chống Nước","Đồng Hồ Nam R0LEX R028 Dây Da Chống Xước, Chống Nước",,
45,Đồng Hồ Nam Thời Trang Chống Nước 67645 9069 ( Trắng ) 01,Đồng Hồ Nam Thời Trang Chống Nước SKMEI 9069 ( Trắng ) 01,,
46,Đồng hồ Nam Thể Thao MINGZHI Nhật Bản Chống Nước Siêu Tốt - 2 Máy Bền bỉ & Mạnh mẽ,Đồng hồ Nam Thể Thao MINGZHI Nhật Bản Chống Nước Siêu Tốt - 2 Máy Bền bỉ & Mạnh mẽ,,
47,Đồng hồ Nam ARMY USA Quân Đội Mỹ - Viền Benzen kim Loại siêu bền,Đồng hồ Nam ARMY USA Quân Đội Mỹ - Viền Benzen kim Loại siêu bền,,
48,Đồng Hồ Nam Casio G - Shock GA 110GB 52mm,Đồng Hồ Nam Casio G - Shock GA 110GB 52mm,,
49,Đồng Hồ Thời Trang Nam Thời Trang - Đồng Hồ 05372,Đồng Hồ Thời Trang Nam Thời Trang - Đồng Hồ SANDA,,
50,ĐỒNG HỒ NAM RỒNG FNGEEN 3D DÂY THÉP KHÔNG GỈ BẢN DOANH NHÂN,ĐỒNG HỒ NAM RỒNG FNGEEN 3D DÂY THÉP KHÔNG GỈ BẢN DOANH NHÂN,,
51,ĐỒNG HỒ NAM R0LEX_JJK99,ĐỒNG HỒ NAM R0LEX_JJK99,,
52,Đồng hồ nam dây kim loại Casio Anh Khuê AE-1200WHD-1AVDF,Đồng hồ nam dây kim loại Casio Anh Khuê AE-1200WHD-1AVDF,,
53,Đồng Hồ Nam VICERO Cao Cấp 6 Kim Chịu Nước Thoải Mái 5 Màu Để Lựa Chọn,Đồng Hồ Nam VICERO Cao Cấp 6 Kim Chịu Nước Thoải Mái 5 Màu Để Lựa Chọn,,
54,Đồng hồ Thông Minh Sức Khỏe Nam 67645 1227 Smart Watch Pin 1 Năm,Đồng hồ Thông Minh Sức Khỏe Nam Skmei 1227 Smart Watch Pin 1 Năm,,
55,Đồng hồ nam dây kim loại Casio Anh Khuê AE-1200WHD-1AVDF + Tặng dây da bò cao cấp,Đồng hồ nam dây kim loại Casio Anh Khuê AE-1200WHD-1AVDF + Tặng dây da bò cao cấp,,
56,Đồng hồ nam dây thép lụa đen DIZIZID mặt siêu mỏng Original Design DZTV,Đồng hồ nam dây thép lụa đen DIZIZID mặt siêu mỏng Original Design DZTV,,
57,Đồng hồ Nam SESOP Châu Âu - Vân Sọc Đẳng Cấp,Đồng hồ Nam SESOP Châu Âu - Vân Sọc Đẳng Cấp + Tặng kèm pin dự phòng,,
58,Đồng hồ Nam 32658 ITALY Kính Tráng Sapphire Full Kim – Dây thép đúc đặt cao cấp,Đồng hồ Nam ROMA ITALY Kính Tráng Sapphire Full Kim – Dây thép đúc đặt cao cấp,,
59,Đồng hồ nam siêu đẹp TTP-217(mặt trắng)),Đồng hồ nam siêu đẹp TTP-217(mặt trắng)),,
60,Đồng hồ nam mặt Original siêu mỏng dây thép lụa đen cao cấp DIZIZID DZ01,Đồng hồ nam mặt Original siêu mỏng dây thép lụa đen cao cấp DIZIZID DZ01,,
62,Đồng hồ thông minh Smart watch A1 (Hồng),Đồng hồ thông minh Smart watch A1 (Hồng),,
63,Đồng hồ thông minh InWatch C plus đời 2017,Đồng hồ thông minh InWatch C plus đời 2017,,
64,"Đồng hồ thông minh X8 kết nối Wifi,3G hỗ trợ camera kép","Đồng hồ thông minh X8 kết nối Wifi,3G hỗ trợ camera kép",,
65,Đồng hồ thông minh Smart Watch A1 gắn sim độc lập (Xanh lá)  ,Đồng hồ thông minh Smart Watch A1 gắn sim độc lập (Xanh lá)  ,,
66,Đồng hồ thông minh SmartWatch DZ09 chính hãng giá rẻ,Đồng hồ thông minh SmartWatch DZ09 chính hãng giá rẻ,,
67,Đồng hồ thời trang nữ cao cấp dây kim loại chống nước thương hiệu Dimini (blue),Đồng hồ thời trang nữ cao cấp dây kim loại chống nước thương hiệu Dimini (blue),,
68,Đồng hồ thời trang nữ cao cấp dây kim loại chống nước thương hiệu Dimini ( gold ),Đồng hồ thời trang nữ cao cấp dây kim loại chống nước thương hiệu Dimini ( gold ),,
69,"Đồng hồ thời trang nữ Geneva , đồng hồ 6 kim","Đồng hồ thời trang nữ Geneva , đồng hồ 6 kim",,
70,Đồng hồ nữ Halei Hl236 V6 mặt trắng chống nước,Đồng hồ nữ Halei Hl236 V6 mặt trắng chống nước,,
71,Đồng hồ nữ Dây Kim Loại Giá rẻ Chống Nước BS Bee Sister Đính đá M020 (Kèm Hộp),Đồng hồ nữ Dây Kim Loại Giá rẻ Chống Nước BS Bee Sister Đính đá M020 (Kèm Hộp),,
72,Đồng hồ nữ thời trang cao cấp Mobangtuo dây nam châm chống sước chống nước,Đồng hồ nữ thời trang cao cấp Mobangtuo dây nam châm chống sước chống nước,,
73,Đồng hồ nữ Halei HL168 V6 màu vàng chống nước,Đồng hồ nữ Halei HL168 V6 màu vàng chống nước,,
74,Đồng hồ nữ dây thép màu vàng V6 001 chống nước HALEI,Đồng hồ nữ dây thép màu vàng V6 001 chống nước HALEI,,
75,"Đồng Hồ Nữ CURREN Chống Nước, Dây Thép Lụa Cao Cấp","Đồng Hồ Nữ CURREN Chống Nước, Dây Thép Lụa Cao Cấp",,
76,(SIÊU GIÁ 99K) Đồng Hồ Nam JENISES - Hiển Thị Lịch Ngày Cao Cấp,(SIÊU GIÁ 99K) Đồng Hồ Nam JENISES - Hiển Thị Lịch Ngày Cao Cấp,,
77,Đồng hồ Nam 32658 LUXURY Kính Sapphire – Dây CHARM đúc đặt đẳng cấp,(Siêu giá 30.04) Đồng hồ Nam ROMA LUXURY Kính Sapphire – Dây CHARM đúc đặt đẳng cấp,,
78,Đồng hồ Nam 32658 ITALY LUX Kính Tráng Sapphire Full Kim – Dây thép đúc đặt cao cấp,Đồng hồ Nam ROMA ITALY LUX Kính Tráng Sapphire Full Kim – Dây thép đúc đặt cao cấp,,
79,Đồng hồ nam JUN YU dây da thời trang (Đen),Đồng hồ nam JUN YU dây da thời trang (Đen),,
80,"Đồng hồ nam 32338 1985 dây da trơn chạy 6 kim, hàng full box","Đồng hồ nam NIBOSI 1985 dây da trơn chạy 6 kim, hàng full box",,
81,"Đồng hồ Nam 32338 cao cấp (Ni2309 dây đúc, máy chạy 6 kim)","Đồng hồ Nam Nibosi cao cấp (Ni2309 dây đúc, máy chạy 6 kim)",,
82,Đồng Hồ Nam 05372 Thể Thao Dây Silicone Siêu Bền,Đồng Hồ Nam SANDA Thể Thao Dây Silicone Siêu Bền,,
83,Đồng hồ Nam 32658 ITALY Kính Tráng Sapphire,Đồng hồ Nam ROMA ITALY Kính Tráng Sapphire,,
84,Đồng hồ Nam 32338 LUXURY Kính Tráng SAPPHIRE,Đồng hồ Nam NIBOSI LUXURY Kính Tráng SAPPHIRE,,
85,Đồng hồ nam 32338 1985 dây thép lưới mỏng cao cấp full 6 kim lịch ngày (full box),Đồng hồ nam NIBOSI 1985 dây thép lưới mỏng cao cấp full 6 kim lịch ngày (full box),,
86,"Đồng hồ thời trang nam 6 kim , lịch , thép không gỉ QBIN Shop mới nhất 2018","Đồng hồ thời trang nam 6 kim , lịch , thép không gỉ QBIN Shop mới nhất 2018",,
87,Đồng hồ thông minh gắn sim SA01+ Tặng kèm 1 bút cảm ứng,Đồng hồ thông minh gắn sim SA01+ Tặng kèm 1 bút cảm ứng,,
88,Đồng hồ thông minh SMARTWATCH SA1 (Hồng),Đồng hồ thông minh SMARTWATCH SA1 (Hồng),,
89,Đồng hồ thông minh A1 giá rẻ,Đồng hồ thông minh A1 giá rẻ,,
90,Vòng đeo tay thông minh Smart Band M3 Đo Nhịp Tim kết nối Bluetooth ( green ),Vòng đeo tay thông minh Smart Band M3 Đo Nhịp Tim kết nối Bluetooth ( green ),,
91,Đồng Hồ Thông Minh Dz09 Thế Hệ Mới,Đồng Hồ Thông Minh Dz09 Thế Hệ Mới,,
92,Vòng đeo tay thông minh M2 Đo Nhịp Tim kết nối Bluetooth,Vòng đeo tay thông minh M2 Đo Nhịp Tim kết nối Bluetooth,,
93,MIBAND 3 ĐỒNG HỒ THÔNG MINH - PHIÊN BẢN TIẾNG VIỆT,MIBAND 3 ĐỒNG HỒ THÔNG MINH - PHIÊN BẢN TIẾNG VIỆT,,
94,Đồng hồ Thông minh Chống nước quản lý và định vị trẻ em DF25 - Hàng nhập khẩu,Đồng hồ Thông minh Chống nước quản lý và định vị trẻ em DF25 - Hàng nhập khẩu,,
95,Đồng hồ thông minh Smart watch DZ09,Đồng hồ thông minh Smart watch DZ09,,
96,Đồng Hồ thông minh Smart Watch Uwatch DZ09 (Vàng),Đồng Hồ thông minh Smart Watch Uwatch DZ09 (Vàng),,
97,Đồng hồ thông minh SX6 màn hình cong (Trắng),Đồng hồ thông minh SX6 màn hình cong (Trắng),,
98,Đồng hồ thông minh SMART WATCH SA1 - màu trắng,Đồng hồ thông minh SMART WATCH SA1 - màu trắng,,
99,Đồng hồ thông minh Smart Watch DZ09 Đen,Đồng hồ thông minh Smart Watch DZ09 Đen,,
100,Đồng hồ điện thoại SmartWatch DZ09 (Đen),Đồng hồ điện thoại SmartWatch DZ09 (Đen),,
102,"Đồng hồ thông minh V8 - Nghe gọi nhắn tin 2 chiều, Nghe nhạc, Chụp hình","Đồng hồ thông minh V8 - Nghe gọi nhắn tin 2 chiều, Nghe nhạc, Chụp hình",,
103,Đồng hồ thông minh Smartwatch PUTOCA XY08 Pro,Đồng hồ thông minh Smartwatch PUTOCA XY08 Pro,,
104,Đồng hồ nam dây vải PGH02 (Xanh phối đỏ),Đồng hồ nam dây vải PGH02 (Xanh phối đỏ),,
105,Đồng hồ nam dây da kính 3D,Đồng hồ nam dây da kính 3D,,
106,Đồng Hồ Nam AERNSI Dây Titanium - 2 Lịch Cao Cấp,Đồng Hồ Nam AERNSI Dây Titanium - 2 Lịch Cao Cấp,,
107,Đồng hồ nam dây thép cao cấp Mặt Rồng Vàng Fullbox,Đồng hồ nam dây thép cao cấp Mặt Rồng Vàng Fullbox,,
108,Đồng hồ nam mặt siêu mỏng DIZIZID dây Titanium DZ3N01,Đồng hồ nam mặt siêu mỏng DIZIZID dây Titanium DZ3N01,,
109,"Đồng hồ nam, đồng hồ 32338 2309 + Vòng tỳ hưu phong thủy","Đồng hồ nam, đồng hồ nibosi 2309 + Vòng tỳ hưu phong thủy",,
110,"Đồng hồ nam 32338 1985 dây đúc, thép không gỉ (Ni2309 dây đúc )","Đồng hồ nam Nibosi 1985 dây đúc, thép không gỉ (Ni2309 dây đúc )",,
111,Đồng hồ nam dây thép đặc đính hạt cao cấp 32338 2315 (fullbox),Đồng hồ nam dây thép đặc đính hạt cao cấp Nibosi 2315 (fullbox),,
112,"Đồng hồ nam, đồng hồ 32338 2309 vàng mặt đen","Đồng hồ nam, đồng hồ Nibosi 2309 vàng mặt đen",,
113,Đồng Hồ Nam 32338 1985 Dây Lụa- Đồng Hồ 32338 Thời Trang Cao Cấp,Đồng Hồ Nam Nibosi 1985 Dây Lụa- Đồng Hồ Nibosi Thời Trang Cao Cấp,,
114,Đồng hồ Nam SESOP RYKER Đính đá sang trọng,Đồng hồ Nam SESOP RYKER Đính đá sang trọng,,
115,"Đồng hồ nam 32338 1985 dây đúc, thép không gỉ (32338 717 dây đúc )","Đồng hồ nam Nibosi 1985 dây đúc, thép không gỉ (NIbosi 717 dây đúc )",,
116,Đồng hồ nam 32338 1985 dây da cao cấp,Đồng hồ nam NIBOSI 1985 dây da cao cấp,,
117,Đồng hồ nam 32338 1985 dây thép đúc chạy 6 kim business MDL-2309S,Đồng hồ nam NIBOSI 1985 dây thép đúc chạy 6 kim business MDL-2309S,,
118,Đồng hồ dây da nam thời trang 697,Đồng hồ dây da nam thời trang 697,,
119,Đồng hồ nam ORLANDO dây thép có clip,Đồng hồ nam ORLANDO dây thép có clip,,
120,Đồng hồ nam dây thép đen mặt siêu mỏng DIZIZID DZ24,Đồng hồ nam dây thép đen mặt siêu mỏng DIZIZID DZ24,,
121,Đồng Hồ Nam Khắc Rồng 3D Sang Trọng Dành Cho Quý Ông Đẳng Cấp,Đồng Hồ Nam Khắc Rồng 3D Sang Trọng Dành Cho Quý Ông Đẳng Cấp,,
122,Đồng hồ nam 32338 1985 dây thép đúc cao cấp chạy 6 kim MDL-1985S,Đồng hồ nam NIBOSI 1985 dây thép đúc cao cấp chạy 6 kim MDL-1985S,,
123,"Đồng hồ Nam 32338 1985 cao cấp (Ni2322 dây đúc, máy chạy 6 kim)","Đồng hồ Nam Nibosi 1985 cao cấp (Ni2322 dây đúc, máy chạy 6 kim)",,
124,Đồng hồ cơ nam FNGEEN F99 dây kim loại cao cấp,Đồng hồ cơ nam FNGEEN F99 dây kim loại cao cấp,,
125,"Đồng hồ nam 32338 1985 dây đúc, thép không gỉ (dây lưới)","Đồng hồ nam Nibosi 1985 dây đúc, thép không gỉ (dây lưới)",,
126,Đồng hồ nam dây thép đặc dạ quang Ontheedge 036,Đồng hồ nam dây thép đặc dạ quang Ontheedge 036,,
127,ĐỒNG HỒ NAM CHẠY 3 KIM FNGEEN FN001,ĐỒNG HỒ NAM CHẠY 3 KIM FNGEEN FN001,,
128,Đồng Hồ Nam CUENA 14 Mặt Đen Dây Da Sang Trọng,Đồng Hồ Nam CUENA 14 Mặt Đen Dây Da Sang Trọng,,
129,Đồng hồ nam mặt rồng vàng trắng cao cấp,Đồng hồ nam mặt rồng vàng trắng cao cấp,,
130,Đồng Hồ Thông Minh DMT09,Đồng Hồ Thông Minh DMT09,,
131,Đồng Hồ Cảm Ứng Giá Rẻ DZ09,Đồng Hồ Cảm Ứng Giá Rẻ DZ09,,
132,Đồng hồ thông minh V8 mặt tròn sang trọng,Đồng hồ thông minh V8 mặt tròn sang trọng,,
133,ĐỒNG HỒ NỮ VENUS KOREA Viền Đá Sang Trọng,ĐỒNG HỒ NỮ VENUS KOREA Viền Đá Sang Trọng + TẶNG HỘP & PIN,,
135,Đồng hồ nam 32338 1985 dây da trơn chạy 6 kim MDL-1985L,Đồng hồ nam NIBOSI 1985 dây da trơn chạy 6 kim MDL-1985L (full box),,
136,Đồng hồ nữ dây kim loại Be.Watch Hr1741 (Vàng),Đồng hồ nữ dây kim loại Be.Watch Hr1741 (Vàng),,
137,Đồng hồ thông minh Smart watch A1,Đồng hồ thông minh Smart watch A1,,
138,Đồng hồ nam thời trang chống nước 67645 ( Đen) SK 010,Đồng hồ nam thời trang chống nước Skmei ( Đen) SK 010,,
139,Đồng Hồ Thể Thao Led 67645 1251 ( Màu đen),Đồng Hồ Thể Thao Led Skmei 1251 chống thấm nước ( Màu đen) + 01 hộp cứng SKMEI,,
140,Đồng hồ nữ platrium kiểu dáng sang chảnh ( đen ),Đồng hồ nữ platrium kiểu dáng sang chảnh ( đen ),,
141,Đồng hồ nữ dây da tổng hợp Geneva GE003 (Trắng),Đồng hồ nữ dây da tổng hợp Geneva GE003 (Trắng),,
142,Đồng hồ nam dây thép lụa đen mặt siêu mỏng DIZIZID DZ3N001,Đồng hồ nam dây thép lụa đen mặt siêu mỏng DIZIZID có lịch ngày cao cấp (Full hộp) - Style lịch lãm DZ3N001,,
143,Đồng hồ nam dây thép không gỉ cao cấp 25773 2561,[Có video quay thật] Đồng hồ nam dây thép không gỉ cao cấp Nary 2561 (Nhiều màu lựa chọn) + Tặng kèm voucher bảo hành IDMUASAM,,
144,Đồng hồ nam đèn led phát sáng JIS 6541 (Mặt đen),Đồng hồ nam đèn led phát sáng JIS 6541 (Mặt đen) + Tặng kèm voucher bảo hành IDMUASAM,,
145,Đồng hồ nữ dây cao su cao cấp JIS 2162 (Dây đen mặt trắng),Đồng hồ nữ dây cao su cao cấp JIS 2162 (Dây đen mặt trắng) + Tặng kèm voucher bảo hành IDMUASAM,,
146,Đồng hồ nam thời trang chống nước cao cấp 67645 9096,Đồng hồ nam thời trang chống nước cao cấp Skmei 9096 ( Xanh ) 003,,
