Link,Name,Brand,Price,Detail,Image
https://www.thegioididong.com/dong-ho-thong-minh/samsung-galaxy-watch-active-r500,Đồng hồ thông minh Samsung Galaxy Watch Active R500,Samsung,4940000,"Với thiết kế tối giản nhưng không kém phần thanh lịch, đồng hồ thông minh mới nhất của Samsung - Galaxy Watch Active, sẽ mang đến cho bạn trải nghiệm công nghệ và tính năng theo dõi sức khỏe tuyệt vời.
Thiết kế tối giản, thanh lịch và gọn nhẹ
Sự thanh lịch của Samsung Galaxy Watch Active đến từ việc kết hợp chất liệu kim loại và kính cao cấp. Bên cạnh đó, việc lược bỏ vòng bezel xoay và xu hướng gọn nhẹ giúp bạn thoải mái đeo đồng hồ thông minh Galaxy Watch Active trên tay.
Hoạt động nhiều hơn với Daily Activities
Smartwatch Samsung Galaxy Watch Active giúp bạn hoạt động nhiều hơn để nâng cao sức khỏe của mình. Tính năng Daily Activities sẽ nhắc nhở khi nào bạn cần bổ sung nước hay đứng dậy đi vài vòng khi ngồi quá lâu.
Tính năng cảnh báo stress
Nhờ vào cảm biến nhịp tim và phần mềm đặc biệt, Galaxy Watch Active có được khả năng theo dõi mức độ căng thẳng của bạn và cảnh báo khi nó đạt ngưỡng tối đa. Khi đó, bạn sẽ được gợi ý các phương pháp điều tiết hơi thở để giảm mức căng thẳng.",https://cdn.tgdd.vn/Products/Images/7077/200965/samsung-galaxy-watch-active-r500-10-600x600.jpg
https://www.thegioididong.com/dong-ho-thong-minh/samsung-galaxy-watch-46mm,Đồng hồ thông minh Samsung Galaxy watch 46mm,Samsung,7490000,"Chuẩn mực thời trang mới
Tổng thể Samsung Galaxy Watch 46mm có màu đen huyền sang trọng đi cùng thiết kế truyền thống với mặt đồng hồ tròn cổ điển, vòng xoay bezel cho khả năng điều hướng dễ dàng.
Dây đeo hiện đại
Samsung mang đến dây đeo với chất liệu silicone cho bạn cảm giác thoải mái khi đeo trong thời gian dài. Bên cạnh đó, các nút cài trên dây cho bạn khả năng đều chỉnh đồng hồ phù hợp với độ rộng của cổ tay.
Bộ đôi Super AMOLED và Gorilla DX+
Phiên bản 46mm có màn hình Super AMOLED cho hình ảnh sắc nét, dễ nhìn, dễ thao tác điều hướng, dễ sử dụng hơn, cùng với lớp kính được tăng cường độ bền bằng chất liệu Gorilla Glass DX+ hạn chế tối đa trầy xước khi va chạm.",https://cdn.tgdd.vn/Products/Images/7077/197089/samsung-galaxy-watch-46mm-bac-nt-600x600.jpg
https://www.thegioididong.com/dong-ho-thong-minh/apple-watch-s3-gps-42mm-vien-nhom-day-cao-su-den,Apple Watch S3 GPS 42mm viền nhôm xám dây cao su màu đen MTF32VN/A,Apple,8090000,"Thiết kế hiện đại năng động
Về mặt tổng thể đồng hồ thông minh Apple Watch S3 GPS 42mm có kích thước tương tự như Apple Watch Series 2. Sản phẩm chú trọng thêm về mặt thẩm mỹ với thiết kế sang trọng, năng động, dây đeo có nhiều màu sắc khác nhau.
Dây đeo tháo rời tiện lợi
Dây đeo của Apple Watch S3 GPS, 42mm viền nhôm được thiết kế với khả năng dễ dàng tháo rời, cho phép người dùng linh hoạt thay đổi bằng các dây đeo màu sắc khác.
 Màn hình 1.65 inch lớn hơn
Màn hình đồng hồ thông minh Apple Watch phiên bản 42 mm lớn 2.1 inch hiển thị chi tiết ảnh nhiều hơn, mặt đồng hồ cảm ứng trang bị mặt kính cường lực Ion-X giúp bảo vệ mặt kính chống trầy xước tốt và hiển thị tốt dù là dưới ánh mặt trời.",https://cdn.tgdd.vn/Products/Images/7077/194536/apple-watch-s3-gps-42mm-vien-nhom-day-cao-su-den-nt-600x600.jpg
https://www.thegioididong.com/dong-ho-thong-minh/huawei-watch-gt-xanh-la-cay,Đồng hồ thông minh Huawei Watch GT Active Edition màu xanh lá cây,Huawei,4190000,"Huawei Watch GT xanh lá là một sản phẩm được thiết kế với vẻ đẹp cổ điển, độ mỏng ấn tượng. Thời lượng pin dài lên đến 2 tuần cùng nhiều tính năng theo dõi và rèn luyện sức khỏe.
Thiết kế cổ điển, mỏng và đẹp mắt
Vỏ của smartwatch Huawei được thiết kế đẹp mắt với viền gốm, vỏ thép. Mặt đồng hồ mỏng 10.6mm. Tấm nền AMOLED 1.39” cho chất lượng hiển thị rất tốt ngay cả khi sử dụng ngoài trời. 
Mặt đồng hồ thông minh có thể dễ dàng thay đổi nhiều giao diện khác nhau.
Pin khủng- sử dụng liên tục lên đến 14 ngày
Huawei mang đến cho bạn một thiết bị có tuổi thọ pin cực tốt. Bạn có thể sử dụng đồng hồ trong hai tuần liền với chế độ đo nhịp tim luôn bật và theo dõi tập luyện 90 phút mỗi tuần. Nếu bạn bật tính năng theo dõi luyện tập, định vị và theo dõi nhịp tim thì con số này là 22 giờ. Pin sạc nam châm không dây giúp tiện lợi.
Công nghệ theo dõi và rèn luyện sức khỏe ",https://cdn.tgdd.vn/Products/Images/7077/200594/huawei-watch-gt-xanh-la-cay-600x600.jpg
https://www.thegioididong.com/dong-ho-thong-minh/apple-watch-s4-gps-44mm-vien-nhom-day-cao-su-den,Apple Watch S4 GPS 44mm viền nhôm dây cao su màu đen (MU6D2VN/A),Apple,10790000,"Apple Watch S4 GPS 44mm viền nhôm dây cao su màu đen cho kiểu dáng thể thao mạnh mẽ. Màu đen cùng dây đeo đen khá bắt mắt. Màn hình 44m giúp hiển thị thông tin dễ nhìn, rõ ràng hơn cho người dùng.
Màn hình lớn
Màn hình lên đến 44m có viền màn hình mỏng, hiển thị thông tin rõ ràng hơn khá nhiều so với thế hệ trước. Ngoài ra phần thân đồng hồ cũng mỏng hơn đáng kể, cho kiểu dáng thời trang, nhẹ nhàng hơn.
Mặt đồng hồ thay được
Mặt đồng hồ điện tử hiển thị ngoài thời gian còn có rất nhiều thông tin hữu ích, như thời tiết, quá trình vận động trong ngày, giúp bạn dễ dàng theo dõi các thông tin trong ngày chỉ bằng việc nhìn vào đồng hồ. Ngoài ra, đồng hồ còn có nhiều hiệu ứng đẹp mắt để bạn thay thế theo ý thích.
Điện tâm đồ
Điện tâm đồ là chức năng khá hữu ích để theo dõi sức khỏe của bạn. Giờ đây, smartwatch Apple có thể đo được điện tâm đồ ngay trên cổ tay bạn, tính năng mới này nhờ vào cảm biến điện tử giúp đo nhịp tim cực kì chính xác, giúp bạn có nhiều thông tin hữu ích hơn về sức khỏe của mình.",https://cdn.tgdd.vn/Products/Images/7077/194392/apple-watch-s4-gps-44mm-vien-nhom-day-cao-su-den-nt-600x600.jpg
https://www.thegioididong.com/dong-ho-thong-minh/apple-watch-s4-gps-44mm-vien-nhom-day-vai-hong,Apple Watch S4 GPS 44mm viền nhôm dây vải màu hồng (MU6G2VN/A),Apple,10790000,"Apple Watch S4 GPS 44mm viền nhôm dây vải màu hồng có thiết kế khá đơn giản và nổi bật. Sử dụng dây từ chất liệu vải, giúp đồng hồ cá tính hơn, nhẹ nhàng hơn khi đeo trong thời gian dài. Ngoài ra dây vải còn giúp bạn thấy dễ chịu hơn khi tay ra mồ hôi lúc vận động nhiều.
Thiết kế hoàn toàn mới
Mang một thiết kế thanh thoát hơn với màn hình lớn, nhưng vẫn giữ được kích thước cũ, cùng với dây đeo vải giúp cho trọng lượng khi đeo Apple Watch vô cùng nhẹ nhàng. Thân đồng hồ mỏng hơn cũng giúp tăng phần thời trang khi đeo đồng hồ. 
Thay mặt đồng hồ đa dạng
Mặt đồng hồ không những giúp xem giờ, giờ đây bạn còn có thể thêm được nhiều thông tin hữu ích, chuyển qua lại giữa các kiểu mặt đồng hồ khác nhau. Các kiểu mặt mới luôn được Apple thêm vào sau mỗi bản cập nhật, giúp bạn không bị nhàm chán khi có nhiều mặt đồng hồ khác nhau để lựa chọn.
Điện tâm đồ
Nâng cấp lớn nhất của đồng hồ thông minh Apple Watch Series 4 trong năm nay chính là khả năng đo điện tâm đồ, một biểu đồ chính xác về nhịp tim của bạn, từ các thông tin này, có thể giúp ích cho các bác sĩ khi theo dõi, điều trị sức khỏe cho bạn. Nó còn phát hiện khi nhịp tim của bạn có dấu hiệu nhanh hoặc chậm bất thường và thông báo cho bạn biết.",https://cdn.tgdd.vn/Products/Images/7077/194338/apple-watch-s4-gps-44mm-vien-nhom-day-vai-hong-nt-600x600.jpg
https://www.thegioididong.com/dong-ho-thong-minh/huawei-watch-gt-cam,Đồng hồ thông minh Huawei Watch GT Active Edition màu cam,Huawei,4190000,"Bên trong vẻ ngoài sang trọng và mạnh mẽ, Huawei Watch GT cam sở hữu thời lượng pin đáng kinh ngạc, cùng công nghệ theo dõi sức khỏe sát sao, sẵn sàng cùng bạn chinh phục những cung đường và đỉnh cao mới.
Thiết kế cổ điển sang trọng, độ mỏng ấn tượng
Đồng hồ thông minh Huawei Watch GT có độ mỏng cực kỳ ấn tượng, 10.6 mm với vòng bezel bằng gốm sang trọng. Không những thế, Watch GT còn tự tin bởi độ bền đến từ khung thép không gỉ và lớp phủ carbon cao cấp.
Thời lượng pin dài
Mẫu smartwatch Huawei có thời lượng pin lên đến 2 tuần sử dụng thông thường (liên tục cập nhật thông báo, cuộc gọi, tin nhắn) và 22 giờ khi theo dõi luyện tập liên tục với cảm biến nhịp tim và GPS (thông tin được hãng công bố).
Theo dõi sức khỏe liên tục
Công nghệ theo dõi nhịp tim HUAWEI TruSeen™ 3.0 sử dụng tổ hợp các cảm biến hiện đại để đo nhịp tim của bạn liên tục một cách chính xác nhất.",https://cdn.tgdd.vn/Products/Images/7077/200593/huawei-watch-gt-cam-9-600x600.jpg
https://www.thegioididong.com/dong-ho-thong-minh/samsung-galaxy-watch-42mm,Đồng hồ thông minh Samsung Galaxy Watch 42mm,Samsung,6990000,"Samsung Galaxy Watch - Cá tính riêng của bạn
Là sự kết hợp giữa cổ điển và hiện đại với tính ứng dụng thông minh cùng phong cách thời trang. Samsung Galaxy Watch 42mm sở hữu kiểu dáng mặt tròn truyền thống kết hợp cùng nhiều mặt đồng hồ được trang bị dễ dàng thay đổi.
Dây đeo chất liệu cao su
Chất liệu cao su được sử dụng hạn chế tối đa việc bong tróc khi dây tiếp xúc với mồ hôi lúc vận động trong thời gian dài hoặc dùng trong môi trường nước. Thêm vào đó, dây với khả năng tháo rời cho bạn tạo nên phong cách riêng với các loại dây đeo màu sắc khác nhau.
Tấm nền Super Amoled
Màn hình được Samsung trang bị mặt kính Gorilla DX+ kết hợp công nghệ màn hình Super Amoled, độ phân giải 360x360 pixels mật độ điểm ảnh khoảng 390 (ppi) cho hình ảnh sắc nét, chi tiết từng điểm ảnh.",https://cdn.tgdd.vn/Products/Images/7077/197085/samsung-galaxy-watch-42mm-nt-600x600.jpg
https://www.thegioididong.com/dong-ho-thong-minh/samsung-galaxy-watch-42mm-rose-gold,Đồng hồ thông minh Samsung Galaxy Watch 42mm Rose Gold,Samsung,6990000,"Phong cách riêng của phái nữ
Sở hữu thiết kế tương tự như phiên bản 42mm màu đen, nét riêng của Samsung Galaxy Watch Rose Gold là khoác lên mình màu vàng hồng thanh lịch sang trọng, mang đến sự cá tính, thời trang riêng cho các bạn gái.
Dây đeo chất liệu silicone
Dây đeo chất liệu silicone gọn nhẹ cho bạn khi đeo cả ngày dài vẫn cảm thấy thoải mái, dễ chịu. Bạn có thể thay đổi phong cách với dây đeo khác màu nhờ vào khả năng tháo rời dây.
Công nghệ màn hình Super AMOLED
Thông tin, hình ảnh thông báo hiển thị chi tiết, rõ nét từng điểm ảnh kể cả khi bạn đang tập luyện hay di chuyển ngoài trời, nhờ vào tấm nền Super AMOLED cùng độ phân giải 360x360 pixels được Samsung trang bị trên Galaxy Watch.",https://cdn.tgdd.vn/Products/Images/7077/197483/samsung-galaxy-watch-42mm-rose-gold-nt-600x600.jpg
https://www.thegioididong.com/dong-ho-thong-minh/samsung-gear-fit2-pro,Vòng đeo tay thông minh Samsung Gear Fit2 Pro,Samsung,2790000,"Mở hộp Samsung Gear Fit 2 Pro - Thiết kế và màu sắc đẹp, song hành sự tiện dụng
Vẫn kiểu dáng thon gọn như dòng Gear đời đầu, mặt vòng đeo tay thông minh Samsung Gear Fit2 Pro hơi cong ôm sát cổ tay thoải mái hơn.
Tính năng chăm sóc sức khỏe là điều không thể không có, cảm biến được đặt mặt sau vòng đeo tay, với các ứng dụng như đếm bước chân, đo nhịp tim, oxi, ghi lại quãng đường chạy bằng GPS...
Sử dụng công nghệ màn hình AMOLED giúp bạn theo dõi thông tin hiển thị khi ngoài trời được tốt hơn
Màu sắc và chi tiết hiện ra rất sắc sảo và rõ nét, rất dễ để đọc và thao tác trên vòng đeo tay thông minh này.",https://cdn.tgdd.vn/Products/Images/7077/147042/samsung-gear-fit2-pro-2-330x330.png
https://www.thegioididong.com/dong-ho-thong-minh/huawei-band-3e-mau-den,Vòng tay thông minh Huawei Band 3e màu đen,Huawei,590000,"Vòng tay thông minh Huawei Band 3e là thiết bị đeo mang trong mình nhiều công nghệ đột phá với kích thước và trọng lượng siêu nhỏ cùng nhiều chế độ hỗ trợ tập luyện.
Thiết kế nhỏ gọn
Sẽ thật khó tin nhưng chiếc vòng thông minh với nhiều công nghệ bên trong này chỉ có trọng lượng là 17 gam. Bạn sẽ nhanh chóng quên đi sự có mặt của nó bên người với mức trọng lượng siêu nhẹ.  
Chế độ đeo lên giày độc đáo
Nếu bạn là tín đồ của bộ môn chạy bộ thì vòng tay thông minh Huawei Band 3e sẽ là 1 sự lựa chọn khó bỏ qua. Vòng được trang bị chế độ đeo lên giày độc đáo giúp theo dõi và cung cấp dữ liệu chạy bộ một cách chính xác.
Huấn luyện viên chạy bộ chuyên nghiệp
Vòng tay thông minh Huawei Band 3e có tới 7 thông số để giám sát và phân tích các bước chạy của bạn. Nhờ đó, vòng sẽ đưa ra những đề xuất thông minh giúp bạn tập luyện tốt hơn và hiệu quả hơn. Ngoài ra, Huawei Band 3e còn có khả năng theo dõi đến từng bước chạy của người dùng. Vòng sẽ kiểm tra và đánh giá cách mà bàn chân bạn tiếp xúc với mặt đất và đưa ra những gợi ý để tránh cho bạn bị chấn thương trong quá trình tập luyện.",https://cdn.tgdd.vn/Products/Images/7077/194498/dong-ho-thong-minh-huawei-band-3e-600x600.jpg
https://www.thegioididong.com/dong-ho-thong-minh/apple-watch-s4-gps-44mm-vien-nhom-day-vai-xam,Apple Watch S4 GPS 44mm viền nhôm dây vải màu bạc (MU6C2VN/A),Apple,11990000,"Apple Watch S4 GPS 44mm viền nhôm dây vải màu xám bền bỉ và cao cấp phù hợp cho người dùng thích một chiếc đồng hồ đa năng, gọn nhẹ, thoải mái khi đeo trong thời gian dài với dây vải vừa gọn gàng và thiết kế đơn giản, nhẹ nhàng.
Thiết kế hoàn toàn mới
Với thiết kế mỏng hơn, màn hình lớn hơn nhưng vẫn giữ nguyên được kích thước tổng thể như các dòng sản phẩm trước. Smartwatch Apple thế hệ 4 đã trông thời trang hơn rất nhiều, cùng với màn hình hiển thị lớn hơn với viền mỏng hơn cho trải nghiệm chân thực khi sử dụng.
Đo nhịp tim và điện tâm đồ
Tích hợp cảm biến đo nhịp tim điện tử chính xác hơn rất nhiều so với cảm biến quang thông thường, đồng hồ thông minh Apple Watch đã có thể đo được điện tâm đồ, giúp ích cho bạn trong việc theo dõi sức khỏe hàng ngày.
Lưu ý: Tính năng ECG hiện chưa được hỗ trợ sử dụng ở Việt Nam, sẽ sử dụng được ở những bản cập nhật sau.
Nhắc nhở sức khỏe",https://cdn.tgdd.vn/Products/Images/7077/194390/apple-watch-s4-gps-44mm-vien-nhom-day-vai-xam-nt-600x600.jpg
https://www.thegioididong.com/dong-ho-thong-minh/huawei-watch-gt,Đồng hồ thông minh Huawei Watch GT,Huawei,3990000,"Thiết kế mảnh khảnh, đẹp mắt
Huawei Watch GT có thiết kế vỏ gốm, vỏ thép không gỉ và lớp phủ DLC. Một điểm vô cùng đặc biệt ở Huawei Watch GT đó là lần đầu tiên, Huawei sử dụng hệ điều hành của riêng mình dùng cho đồng hồ thông minh. Đó chính là hệ điều hành LiteOS. Chính hệ điều hành riêng biệt này làm cho Huawei Watch GT có thời lượng pin khủng.
Mặt đồng hồ mỏng, nhiều giao diện
Mặt đồng hồ Huawei Watch GT được thiết kế mỏng hơn, chỉ 10.6mm. Màn hình Watch GT bây giờ là một tấm nền AMOLED 1.39” với chất lượng màu hiển thị tốt, kể cả khi sử dụng ngoài trời. Giao diện màn hình trên đồng hồ thông minh Huawei Watch GT này có thể dễ dàng thay đổi bằng nhiều mặt đồng hồ khác nhau.
Tuổi thọ pin 2 tuần - Du lịch không giới hạn
Sử dụng hệ điều hành LiteOS và chipset kép đầu tiên trong ngành nên Huawei Watch GT có thời lượng pin tốt nhất từ trước đến nay. Cụ thể, smartwatch Watch GT có thể sử dụng 2 tuần liền nếu bạn chỉ sử dụng tính năng đo nhịp tim ít nhất 90 phút mỗi tuần. Nếu không sử dụng những tính năng thể thao, bạn có thể sử dụng Watch GT lên đến 30 ngày. Ngoài ra bạn có thể sử dụng tối đa các tính năng thể thao bao gồm đo nhịp tim và GPS trong 22 giờ liền.",https://cdn.tgdd.vn/Products/Images/7077/197790/huawei-watch-gt-nt-600x600.jpg
https://www.thegioididong.com/dong-ho-thong-minh/apple-watch-s4-gps-40mm-vien-nhom-mau-hong,Apple Watch S4 GPS 40mm Viền Nhôm dây cao su màu hồng (MU682VN/A),Apple,10790000,"Thiết kế mới
Sở hữu thiết kế với thân đồng hồ mỏng hơn so với các thế hệ trước, nhẹ nhàng thoải mái khi đeo trong thời gian dài.
Màn hình trên đồng hồ thông minh Apple S4 nay đã được nâng cấp lên đến 2.0 inch, cho màn hình lớn hơn.
Mặt đồng hồ với nhiều lựa chọn như khói, lửa, chế độ luyện tập... cho bạn linh hoạt thay đổi tránh sự nhàm chán.
Tiện ích sức khỏe
Với cảm biến đo nhịp tim điện tử được tích hợp thay thế cho cảm biến quang mang đến kết quả chuẩn xác hơn, hỗ trợ phát hiện những điều bất thường cũng như các bệnh lí tim mạch từ sớm, bảo vệ một trái tim khỏe mạnh hơn.
- Chế độ thở, nhắc nhở khi bạn cần thở đều, đứng dậy đi lại.
- Khuyến khích vận động, tập thể dục hàng ngày.
- Cảnh báo khi nhịp tim xuống quá thấp hoặc lên quá cao.",https://cdn.tgdd.vn/Products/Images/7077/194323/apple-watch-s4-gps-40mm-vien-nhom-mau-hong-nt-600x600.jpg
https://www.thegioididong.com/dong-ho-thong-minh/apple-watch-s4-gps-40mm-vien-nhom-day-cao-su-den,Apple Watch S4 GPS 40mm viền nhôm dây cao su màu đen (MU662VN/A),Apple,10790000,"Thiết kế mới với dây cao su màu đen
Đồng hồ thông minh Apple Watch S4 GPS 40mm có thiết kế với dây đeo sử dụng chất liệu cao su màu đen tinh tế với nút cài, cho bạn dễ dàng thay đổi độ rộng của dây.
Màn hình của đồng hồ được trang bị tấm nền OLED cho chất lượng hình ảnh, thông tin hiển thị với màu sắc rõ nét, chi tiết rõ ràng hơn, tiện lợi khi dùng ở ngoài trời.
Những tiện ích sức khỏe
Cảm biến đo nhịp tim điện tử được tích hợp trên Apple Watch S4 sẽ theo dõi và phân tích sức khỏe của bạn với các chế độ dưới đây:
- Chế độ thở, nhắc nhở khi bạn cần đứng dậy đi lại để có nhịp độ thở đều hơn.
- Khuyến khích vận động, tập thể dục hàng ngày.
- Cảnh báo khi nhịp tim xuống quá thấp hoặc lên quá cao.
- S4 với tính năng nổi bật là khả năng đo điện tâm đồ (ECG). Để kích hoạt, bạn chỉ cần đặt tay lên nút xoay Digital Crown trong khoảng 30 giây.",https://cdn.tgdd.vn/Products/Images/7077/194334/apple-watch-s4-gps-40mm-vien-nhom-day-cao-su-den-nt-600x600.jpg
https://www.thegioididong.com/dong-ho-thong-minh/apple-watch-s4-gps-40mm-vien-nhom-day-cao-su-trang,Apple Watch S4 GPS 40mm viền nhôm dây cao su màu trắng (MU642VN/A),Apple,10790000,"Thiết kế mới với dây cao su màu trắng
Apple Watch S4 GPS 40mm viền nhôm dây cao su màu trắng có thiết kế với dây đeo sử dụng chất liệu cao su với nút cài, tiện lợi điều chỉnh độ rộng của dây phù hợp với cổ tay người đeo.
Bốn cạnh trên màn hình của Apple S4 GPS 40mm được bo cong mềm mại, chất lượng hình ảnh, thông tin hiển thị trên màn hình cũng rõ ràng hơn, màu sắc sắc nét, dễ nhìn dưới ánh nắng mặt trời.
Các chế độ sức khỏe
Cảm biến đo nhịp tim điện tử mới cho phép Apple theo dõi được các chế độ sức khỏe trên người đeo đồng hồ như:
- Chế độ thở, nhắc nhở khi bạn cần đứng dậy đi lại để có nhịp độ thở đều hơn.
- Khuyến khích vận động, tập thể dục hàng ngày.
- Cảnh báo khi nhịp tim xuống quá thấp hoặc lên quá cao.
- Tính năng nổi bật của S4 là khả năng đo điện tâm đồ (ECG), giúp phát hiện bệnh sớm. Để kích hoạt, bạn chỉ cần đặt tay lên nút xoay Digital Crown trong khoảng 30 giây.",https://cdn.tgdd.vn/Products/Images/7077/194333/apple-watch-s4-gps-40mm-vien-nhom-day-cao-su-trang-nt-600x600.jpg
https://www.thegioididong.com/dong-ho-thong-minh/mi-band-3,Vòng đeo tay thông minh Mi Band 3,Xiaomi,600000,"Vòng tay thông minh Mi-Band 3 là dòng sản phẩm vòng đeo tay theo dõi sức khoẻ nổi tiếng từ Xiaomi, giúp bạn theo dõi sức khoẻ, thông báo, một cách nhanh chóng mà không cần xem trên điện thoại. Phiên bản vòng tay thông minh Mi-Band 3 mới còn có màn hình OLED cảm ứng điều chỉnh tiện lợi.
  Hướng dẫn kết nối với điện thoại và sử dụng chi tiết Xiaomi Miband 3
Không hài lòng bài viết",https://cdn.tgdd.vn/Products/Images/7077/180028/mi-band-3-nt-600x600.jpg
https://www.thegioididong.com/dong-ho-thong-minh/xiaomi-amazfit-pace-gps-den,Đồng hồ thông minh Xiaomi Amazfit Pace GPS Đen,Xiaomi,2220000,"Đồng hồ thông minh Xiaomi Amazfit Pace GPS là sản phẩm đồng hồ đeo tay theo dõi sức khỏe. Đồng hồ có thể đo được nhịp tim, số bước chân chạy, lượng calories tiêu thụ, đem lại thông số chính xác cho người tập luyện. Nó còn có thể kết nối với điện thoại để bạn nhận thông báo ngay trên đồng hồ.
Thiết kế đơn giản, gọn nhẹ
Đồng hồ thông minh Xiaomi Amazfit Pace GPS Đen có kiểu dáng đơn giản với dây đeo ôm gọn cổ tay chắc chắn. Với trọng lượng chỉ 53.7 g, đồng hồ nhẹ vô cùng thoải mái cho người dùng đeo trong khoảng thời gian dài.
Thỏa phong cách, đậm chất riêng
Với nhiều mặt đồng hồ được trang bị, người dùng có thể thỏa thích thay đổi linh hoạt nhiều mặt đồng hồ khác nhau, tạo nên chất riêng của bản thân.
Hiển thị thông báo
Đồng hồ sẽ rung hiển thị đầy đủ thông tin khi có cuộc gọi hoặc tin nhắn đến, người dùng có thể trực tiếp chọn nghe hoặc từ chối cuộc gọi trực tiếp trên mặt đồng hồ. Giúp người dùng kết nối mọi lúc mọi nơi, không bị lỡ các tin nhắn, thông báo quan trọng trong lúc tập luyện cũng như lúc nghỉ ngơi, giải trí.",https://cdn.tgdd.vn/Products/Images/7077/152584/xiaomi-amazfit-pace-gps-den-nt-600x600.jpg
https://www.thegioididong.com/dong-ho-thong-minh/xiaomi-amazfit-pace-gps-do,Đồng hồ thông minh Xiaomi Amazfit Pace GPS Đỏ,Xiaomi,2220000,"Đồng hồ thông minh Xiaomi Amazfit Pace GPS nổi bật với sắc đỏ - đen cá tính, phù hợp với cả các bạn nữ bởi mặt đồng hồ tròn cổ điển, cùng các tính năng chăm sóc sức khỏe, thông báo tin nhắn, cuộc gọi thông minh.
 Hướng dẫn sử dụng Xiaomi Amazfit Pace Đỏ
Tải ứng dụng Amazfit trên Android hoặc iOS. Sau đó kết nối điện thoại với đồng hồ, bấm vào ứng dụng trên điện thoại để bắt đầu việc thiết lập cài đặt.",https://cdn.tgdd.vn/Products/Images/7077/193514/xiaomi-amazfit-pace-gps-do-nt-600x600.jpg
https://www.thegioididong.com/dong-ho-thong-minh/xiaomi-amazfit-bip-xanh-la,Đồng hồ thông minh Xiaomi Amazfit Bip Xanh lá,Xiaomi,1440000,"Đồng hồ thông minh Xiaomi Amazfit Bip có tông màu trầm xanh lá - đen đẹp mắt. Đồng hồ thông minh còn là một phụ kiện hỗ trợ chăm sóc sức khỏe, hiển thị các thông báo từ điện thoại rất tiện lợi.
Hướng dẫn kết nối Xiaomi Amazfit Bip với điện thoại và sử dụng chi tiết
Tải ứng dụng Mi Fit trên Android hoặc iOS. Sau đó kết nối điện thoại với đồng hồ, bấm vào ứng dụng trên điện thoại để bắt đầu việc thiết lập cài đặt.
Xem chi tiết hướng dẫn sử dụng click tại đây.",https://cdn.tgdd.vn/Products/Images/7077/162302/xiaomi-amazfit-bip-xanh-la-nt-600x600.jpg
https://www.thegioididong.com/dong-ho-thong-minh/xiaomi-amazfit-bip-do,Đồng hồ thông minh Xiaomi Amazfit Bip Đỏ,Xiaomi,1440000,"Đồng hồ thông minh Xiaomi Amazfit Bip Đỏ kiểu dáng rất trẻ trung, kết hợp 2 màu xanh đen - cam bắt mắt. Đồng hồ thông minh giúp theo dõi sức khỏe thường xuyên và liên tục, hiển thị thông báo tin nhắn, cuộc gọi đến trên màn hình lớn dễ nhìn.
Hướng dẫn kết nối Xiaomi Amazfit Bip với điện thoại và sử dụng chi tiết
Tải ứng dụng Mi Fit trên Android hoặc iOS. Sau đó kết nối điện thoại với đồng hồ, bấm vào ứng dụng trên điện thoại để bắt đầu việc thiết lập cài đặt.
Xem chi tiết hướng dẫn sử dụng click tại đây.",https://cdn.tgdd.vn/Products/Images/7077/162292/xiaomi-amazfit-bip-do-nt-600x600.jpg
https://www.thegioididong.com/dong-ho-thong-minh/xiaomi-amazfit-bip-den,Đồng hồ thông minh Xiaomi Amazfit Bip Đen,Xiaomi,1440000,"Đồng hồ thông minh Xiaomi Amazfit Bip có kiểu dáng thiết kế khá hiện đại, nhiều màu sắc trẻ trung. Đồng hồ còn theo dõi sức khỏe giúp cải thiện các bài tập luyện bằng cách đo số lượng calories tiêu thụ, nhịp tim, số bước chân, từ đó bạn có thể theo dõi tốt hơn quá trình luyện tập của mình thông qua đồng hồ.
Thiết kế tinh tế, đơn giản
Với khả năng tùy biến cao giúp đồng hồ thông minh Xiaomi Amazfit Bip Đen trở thành một phụ kiện thời trang mà bạn có thể mang theo mọi lúc mọi nơi, ngoài việc giúp ích cho sức khỏe, tập luyện.
Màn hình hiển thị tốt
Smartwatch Xiaomi Amazfit Bip được trang bị công nghệ phản chiếu ánh sáng cho độ hiển thị hình ảnh rõ ràng sắc nét ngoài trời, dưới ánh nắng mặt trời.
Không bỏ lỡ các thông báo quan trọng
Xiaomi Amazfit với tính năng hiển thị thông báo khi có tin nhắn đến, cuộc gọi đến kết hợp cùng khả năng từ chối cuộc gọi trực tiếp trên mặt đồng hồ mà không cần dùng đến điện thoại.",https://cdn.tgdd.vn/Products/Images/7077/162286/xiaomi-amazfit-bip-den-nt-600x600.jpg
https://www.thegioididong.com/dong-ho-thong-minh/xiaomi-amazfit-bip-trang,Đồng hồ thông minh Xiaomi Amazfit Bip Trắng,Xiaomi,1440000,"Đồng hồ thông minh Xiaomi Amazfit Bip với sắc trắng cá tính dành cho giới trẻ. Đồng hồ thông minh còn giúp người dùng theo dõi sức khỏe, hiển thị thông báo, tin nhắn, cuộc gọi đến trên màn hình lớn dễ nhìn.
 Hướng dẫn kết nối Xiaomi Amazfit Bip với điện thoại và sử dụng chi tiết
Tải ứng dụng Mi Fit trên Android hoặc iOS. Sau đó kết nối điện thoại với đồng hồ, bấm vào ứng dụng trên điện thoại để bắt đầu việc thiết lập cài đặt.",https://cdn.tgdd.vn/Products/Images/7077/162305/xiaomi-amazfit-bip-trang-nt-600x600.jpg
https://www.thegioididong.com/dong-ho-thong-minh/xiaomi-amazfit-stratos-2,Đồng hồ thông minh Xiaomi Amazfit Stratos 2,Xiaomi,3430000,"Đồng hồ thông minh Xiaomi Amazfit Stratos 2 được trang bị thêm nhiều tính năng mới như theo dõi nhiều môn tập luyện đa dạng, có chế độ định vị GPS và cảm biến nhịp tim cho phép theo dõi sức khỏe hàng ngày. Đồng thời Amazfit Stratos 2 sở hữu khả năng kháng nước lên đến 50m cho người dùng thoải mái sử dụng khi tham gia các hoạt động dưới nước.
Thiết kế mạnh mẽ, đậm chất thể thao
Stratos 2 được trang bị màn hình với kích thước 1.34 inch cùng lớp kính cường lực Gorilla Glass 2.5D và xung quanh được bao bọc bởi vòng bezel ceramic cho khả năng chịu lực cực cao, hạn chế trầy xước khi có va đập.
Màn hình cho khả năng hiển thị tốt
Mặt đồng hồ to tròn với màn hình Transflective LCD phẳng cùng độ phân giải 320 x 300 pixels đem đến sự tương phản mạnh mẽ cho khả năng dễ dàng theo dõi những thông tin ngay trên đồng hồ dưới trời nắng.
Khả năng kháng nước cao
Amazfit Stratos 2 được Xiaomi trang bị cho khả năng kháng nước lên đến 50m, những hoạt động dưới nước như bơi lội sẽ không còn là vấn đề khiến người dùng phải lo lắng nữa.",https://cdn.tgdd.vn/Products/Images/7077/194566/xiaomi-amazfit-stratos-nethumb-600x600.jpg
https://www.thegioididong.com/dong-ho-thong-minh/apple-watch-s4-gps-44mm-vien-nhom-day-cao-su-hong,Apple Watch S4 GPS 44mm Viền nhôm dây cao su màu hồng (MU6F2VN/A),Apple,10790000,"Apple Watch S4 GPS 44mm dây cao su màu hồng có kiểu dáng thời trang, nữ tính, phù hợp với các bạn nữ yêu thể thao, hay vận động. Dây đeo trẻ trung bền bỉ và mềm mại, mang lại cảm giác thoải mái khi đeo trong thời gian dài.
Thiết kế mỏng hơn
Điểm đặc biệt của Apple Watch năm nay chính là thân đồng hồ đã được làm mỏng hơn khá nhiều, cùng với đó là màn hình lớn hơn nhưng vẫn giữ được kích thước gần như tương tự như các thế hệ trước. Nhờ vào các cải tiến đó làm cho đồng hồ mỏng nhẹ hơn khá nhiều, giúp Apple Watch trở thành một phụ kiện thời trang thực thụ.
Mặt đồng hồ
Với lần ra mắt này Apple đã bổ sung rất nhiều các loại mặt thay thế khác nhau, giúp bạn dễ dàng chọn lựa mặt đồng hồ yêu thích. Các mặt đồng hồ mới mang yếu tố thiên nhiên như lửa, khói, với hiệu ứng đi kèm nổi bật cũng như mang lại nhiều thông tin hữu ích cho bạn khi đeo.
Đo nhịp tim chính xác
Cải tiến đáng giá nhất của Series 4 trong năm nay chính là khả năng đo điện tâm đồ, giúp bạn có biểu đồ về nhịp tim 1 cách chính xác. Điện tâm đồ còn được sử dụng để các bác sĩ giúp chẩn đoán sức khỏe của bạn một cách chính xác nhất.",https://cdn.tgdd.vn/Products/Images/7077/194326/apple-watch-s4-gps-44mm-vien-nhom-day-cao-su-hong-nt-600x600.jpg
https://www.thegioididong.com/dong-ho-thong-minh/apple-watch-s4-gps-44mm-vien-nhom-day-vai-den,Apple Watch S4 GPS 44mm viền nhôm dây vải màu đen (MU6E2VN/A),Apple,10790000,"Apple Watch S4 GPS 44mm viền nhôm dây vải màu đen cho kiểu dáng thời trang, gọn nhẹ, dành cho người dùng yêu thích sự đơn giản. Dây vải phù hợp với nhiều loại trang phục khác nhau, giúp Apple Watch vừa là phụ kiện công nghệ, vừa là phụ kiện thời trang cho người đeo.
Thiết kế, màn hình
Màn hình trên Series 4 đã được làm viền mỏng hơn, khiến cho màn hình lớn hơn nhưng vẫn giữ được kích thước nhỏ gọn như các thế hệ trước. Ngoài ra, thân đồng hồ được làm mỏng hơn kết hợp với dây vải mang lại sự thoải mái khi đeo trong thời gian dài.
Thay thế mặt đồng hồ
Thay thế nhiều mặt đồng hồ khác nhau giúp bạn không bị nhàm chán khi sử dụng một kiểu mặt đồng hồ duy nhất như trên các đồng hồ truyền thống. Mặt đồng hồ còn làm nhiệm vụ cung cấp thêm thông tin về quá trình vận động, thời tiết hay nhiều thông tin hữu ích khác cho bạn.
Đo điện tâm đồ
Tích hợp bên trong đồng hồ thông minh Apple Watch chính là cảm biến đo nhịp tim điện tử, ngoài khả năng đo chính xác nhịp tim của bạn, nó còn có khả năng đo điện tâm đồ, giúp ích cho bạn trong quá trình theo dõi sức khỏe.",https://cdn.tgdd.vn/Products/Images/7077/194393/apple-watch-s4-gps-44mm-vien-nhom-day-vai-den-nt-600x600.jpg
https://www.thegioididong.com/dong-ho-thong-minh/apple-watch-s4-gps-44mm-vien-nhom-day-cao-su-trang,Apple Watch S4 GPS 44mm viền nhôm dây cao su màu trắng (MU6A2VN/A),Apple,10790000,"Apple Watch S4 GPS 44mm viền nhôm dây cao su màu trắng kiểu dáng thể thao, phù hợp đeo khi tập thể dục cũng như trong thời gian học tập, làm việc hàng ngày. Màu bạc sang trọng cũng phù hợp với nhiều trang phục khác nhau. Series 4 được tích hợp nhiều chức năng theo dõi giúp bạn cải thiện sức khỏe hàng ngày.
Màn hình lớn
Màn hình đã được làm lớn hơn trong thế hệ Apple Watch series 4 với thân đồng hồ được làm mỏng hơn khá nhiều, nhờ công nghệ màn hình có viền mỏng hơn, Series 4 vẫn giữ được kích thước nhỏ gọn so với thế hệ trước.
Thay mặt đồng hồ
Mặt đồng hồ có thể dễ dàng thay thế với nhiều hiệu ứng bắt mắt, đa dạng, giúp đồng hồ của bạn trông đẹp hơn, không bị nhàm chán với một kiểu mặt đồng hồ duy nhất. Ngoài ra, các mặt đồng hồ còn làm nhiệm vụ cung cấp thêm thông tin cần thiết cho bạn như thời tiết, nhiệt độ, thông báo tin nhắn, cuộc gọi.
Điện tâm đồ
Cải tiến lớn nhất của Series 4 trong năm nay chính là khả năng đo điện tâm đồ, giúp bác sĩ có thể nhìn vào thông số nhịp tim hàng ngày của bạn để đưa ra những chẩn đoán chính xác nhất cho sức khỏe của người dùng.",https://cdn.tgdd.vn/Products/Images/7077/194391/apple-watch-s4-gps-44mm-vien-nhom-day-cao-su-trang-nt-600x600.jpg
https://www.thegioididong.com/dong-ho-thong-minh/apple-watch-s4-gps-40mm-vien-nhom-day-vai-mau-hong,Apple Watch S4 GPS 40mm viền nhôm dây vải màu hồng (MU692VN/A),Apple,10790000,"Thiết kế mới với dây vải
Apple Watch S4 GPS 40mm viền nhôm dây vải màu hồng có thiết kế với thân đồng hồ mỏng hơn so với các phiên bản trước. Dây đeo với chất liệu vải màu hồng được sử dụng cho cảm giác nhẹ nhàng thoải mái khi đeo, phù hợp với các bạn gái.
Màn hình trên Apple S4 GPS 40mm nay đã cải tiến lớn hơn với kích thước đến 2.0 inch, các góc cạnh được bo cong mềm mại.
Apple đã trang bị rất nhiều mặt đồng hồ khác nhau như khói, lửa, chế độ luyện tập..cho bạn có nhiều lựa chọn thay đổi hơn.
Các chế độ theo dõi sức khỏe
Với cảm biến đo nhịp tim điện tử được tích hợp thay thế cho cảm biến quang mang đến kết quả chuẩn xác hơn, hỗ trợ phát hiện những điều bất thường cũng như các bệnh lí tim mạch từ sớm, bảo vệ một trái tim khỏe mạnh hơn.
Bên cạnh đó, Apple S4 GPS 40mm còn có các tiện ích khác như:
- Chế độ thở, nhắc nhở khi bạn cần thở đều, đứng dậy đi lại.
- Khuyến khích vận động, tập thể dục hàng ngày.",https://cdn.tgdd.vn/Products/Images/7077/194329/apple-watch-s4-gps-40mm-vien-nhom-day-vai-mau-hong-nt-600x600.jpg
https://www.thegioididong.com/dong-ho-thong-minh/apple-watch-s4-gps-40mm-vien-nhom-xam-day-vai-den,Apple Watch S4 GPS 40mm viền nhôm xám dây vải màu đen (MU672VN/A),Apple,10790000,"Thiết kế mới với dây vải
Đồng hồ thông minh Apple S4 GPS 40mm sử dụng chất liệu dây vải màu đen mới mẻ, tạo nên nét cá tính riêng cho người đeo. Dây được thiết kế có nút cài tiện dụng, cho bạn linh hoạt thay đổi độ rộng của dây khi cần.
Màn hình trên S4 được Apple đã trang bị rất nhiều mặt đồng hồ khác nhau như khói, lửa, chế độ luyện tập... cho bạn có nhiều lựa chọn thay đổi hơn.
Các chế độ theo dõi sức khỏe
Với cảm biến đo nhịp tim điện tử được tích hợp thay thế cho cảm biến quang mang đến kết quả chuẩn xác hơn, hỗ trợ phát hiện những điều bất thường cũng như các bệnh lí tim mạch từ sớm, bảo vệ một trái tim khỏe mạnh hơn.
Apple S4 GPS 40mm với cảm biến điện tử tích hợp, cho khả năng theo dõi và phân tích còn có các tiện ích theo sức khỏe khác như:
- Chế độ thở, nhắc nhở khi bạn cần thở đều, đứng dậy đi lại.
- Khuyến khích vận động, tập thể dục hàng ngày.",https://cdn.tgdd.vn/Products/Images/7077/194336/apple-watch-s4-gps-40mm-vien-nhom-xam-day-vai-den-nt-600x600.jpg
https://www.thegioididong.com/dong-ho-thong-minh/apple-watch-s4-gps-40mm-vien-nhom-mau-bac-day-vai,Apple Watch S4 GPS 40mm viền nhôm màu bạc dây vải (MU652VN/A),Apple,9990000,"Thiết kế mới với dây vải màu bạc
Apple Watch S4 GPS 40mm viền nhôm màu bạc dây vải có thiết kế với thân đồng hồ mỏng hơn so với các thế hệ đồng hồ trước. Dây đeo với chất liệu vải được sử dụng cho cảm giác thoải mái khi đeo, dây tháo rời tiện lợi, dễ dàng thay đổi khi có nhu cầu.
Màn hình trên Apple S4 GPS 40mm được vuốt cong các cạnh cho cảm giác bắt mắt hơn. Chất lượng hiển thị của màn hình cũng tốt hơn với màu sắc rực rỡ, màu đen sâu, và dùng tấm nền OLED nên có thể thoải mái sử dụng ngoài trời. 
Các chế độ sức khỏe
Sức khỏe của cá nhân người đeo đồng hồ sẽ được cập nhật và thông báo chuẩn xác hơn. Với cảm biến đo nhịp tim điện tử được tích hợp thay thế cho cảm biến quang mang đến kết quả chuẩn xác hơn, hỗ trợ phát hiện những điều bất thường cũng như các bệnh lí tim mạch từ sớm hơn.
- Chế độ thở, nhắc nhở khi bạn cần thở đều, đứng dậy đi lại.
- Khuyến khích vận động, tập thể dục hàng ngày.
- Cảnh báo khi nhịp tim xuống quá thấp hoặc lên quá cao.",https://cdn.tgdd.vn/Products/Images/7077/194330/apple-watch-s4-gps-40mm-vien-nhom-mau-bac-day-vai-nt-600x600.jpg
https://www.thegioididong.com/dong-ho-thong-minh/garmin-forerunner-935-den-xam,Đồng hồ thông minh Garmin Forerunner 935 Đen xám,Garmin,9990000,"Garmin Forerunner 935 Đen xám là chiếc smartwatch chuyên hỗ trợ mạnh mẽ người dùng yêu thích thể thao thuộc phân khúc cao cấp với rất nhiều tính năng như hỗ trợ nhiều bộ môn tập luyện, cảm biến đo nhịp tim, sức khoẻ cùng rất nhiều công nghệ đột phá ẩn trong một thiết kế thời trang, mạnh mẽ và sang trọng.
Thiết kế mỏng nhẹ, mạnh mẽ
Tuy tích hợp rất nhiều cảm biến cùng công nghệ đầu bảng, nhưng đồng hồ thông minh Garmin Forerunner 935 đen xám có thiết kế rất nhẹ và thời trang. Toàn bộ trọng lượng của nó chỉ là 49 gam, khiến người đeo không cảm thấy nặng nề khi tập luyện và cảm giác sức nặng của nó trên cổ tay.
Theo dõi hiệu quả và chi tiết
Với rất nhiều cảm biến hiện đại bên trong như cảm biến khí áp kế, cảm biến đo độ cao, la bàn... Garmin Forerunner 935 có thể đưa ra những thông số chính xác về hoạt động tập luyện và những gợi ý giúp cho việc tập luyện của bạn hiệu quả hơn rất nhiều và hỗ trợ nhiều bộ môn tập luyện.
Đánh giá mức độ tập luyện hàng ngày
Tính năng Strava Live Segment giúp đồng bộ hóa các hoạt động và phản hồi trực tiếp trong khi đang hoạt động cho phép xem xếp hạng bảng thành tích, và xem nỗ lực hiện tại của bạn như thế nào so với thành tích cá nhân của bạn. Qua đó thúc đẩy bạn tập luyện tốt hơn, vượt qua những giới hạn trước đó của bản thân.",https://cdn.tgdd.vn/Products/Images/7077/194557/garmin-forerunner-935-den-xam-nt-600x600.jpg
https://www.thegioididong.com/dong-ho-thong-minh/garmin-forerunner-935-den-vang,Đồng hồ thông minh Garmin Forerunner 935 Đen & Vàng,Garmin,9990000,"Smartwatch Garmin Forerunner 935 Đen & Vàng nổi bật với nhiều tính năng, thời thượng và cao cấp ẩn trong một thiết kế không thể sang trọng và quyến rũ hơn. Nó khiến người dùng bị hấp dẫn ngay từ cái nhìn đầu tiên
Thiết kế thể thao, bắt mắt
Đúng chất là một chiếc đồng hồ thể thao thông minh đầu bảng. Mặc dù được tích hợp rất nhiều cảm biến cùng cả tá công nghệ đầu bảng, nhưng đồng hồ thông minh Garmin Forerunner 935 Đen & Vàng có thiết kế rất nhẹ và thời trang. Toàn bộ trọng lượng của nó chỉ là 49 gam.
Hiệu quả, chi tiết và thông minh
Do được tích hợp nhiều cảm biến thông minh và hiện đại bên trong như cảm biến khí áp kế, cảm biến đo độ cao, la bàn... đồng hồ thông minh Garmin Forerunner 935 có thể đưa ra những thông số chính xác về hoạt động tập luyện và những gợi ý giúp cho việc tập luyện của bạn hiệu quả hơn rất nhiều và hỗ trợ nhiều bộ môn tập luyện.
Trợ lý thông minh theo sát mỗi ngày
Đồng hồ sẽ liên tục theo dõi bạn mỗi ngày như một trợ lý cá nhân. Tính năng Strava Live Segment giúp đồng bộ hóa các hoạt động và phản hồi trực tiếp trong khi đang hoạt động cho phép xem xếp hạng bảng thành tích, và xem nỗ lực hiện tại của bạn như thế nào so với thành tích cá nhân của bạn. Qua đó thúc đẩy bạn tập luyện tốt hơn, vượt qua những giới hạn trước đó của bản thân.",https://cdn.tgdd.vn/Products/Images/7077/194558/dong-ho-thong-minh-garmin-forerunner-935-den-vang-600x600.jpg
https://www.thegioididong.com/dong-ho-thong-minh/garmin-forerunner-735xt-den-xam,Đồng hồ thông minh Garmin Forerunner 735XT Đen xám,Garmin,9990000,"Smartwatch Garmin Forerunner 735XT Đen xám được trang bị nhiều tính năng cao cấp đến từ hãng sản xuất đồng hồ thông minh Garmin chuyên dành cho người dùng đam mê thể thao. Đồng hồ nổi bật với những tính năng như: GPS, chống nước, theo dõi giấc ngủ, cùng nhiều ứng dụng tập luyện thể thao, calo, tình trạng cơ thể…
Thiết kế
Bên cạnh yếu tố thời trang, Garmin Forerunner 735XT có thiết kế rất mỏng và nhẹ, tương tự như những mẫu đồng hồ truyền thống. Toàn bộ đồng hồ chỉ nặng 42 gam. Bạn cũng có thể cá nhân hoá nó bằng cách tải về rất nhiều mẫu mặt đồng hồ tại kho ứng dụng Connect IQ của Garmin.
Theo dõi giấc ngủ, thông số sức khoẻ
Là chiếc smartwatch đầu bảng của Garmin, Forerunner 735XT mang trong mình rất nhiều cảm biến. Nó có thể theo dõi giấc ngủ, các thông số chỉ tiêu sức khoẻ, lượng calories tiêu thụ hàng ngày của bạn để từ đó đưa ra những hướng dẫn giúp bạn tập luyện hiệu quả hơn.
Ngoài ra, nó còn có tính năng rất cao cấp là đo nhịp tim của người dùng.
 Hỗ trợ nhiều môn thể thao",https://cdn.tgdd.vn/Products/Images/7077/194556/garmin-forerunner-735xt-den-xam-nt-600x600.jpg
https://www.thegioididong.com/dong-ho-thong-minh/garmin-forerunner-735xt-den-xanh-ngoc,Đồng hồ thông minh Garmin Forerunner 735XT Đen & Xanh Ngọc,Garmin,9990000,"Đồng hồ thông minh Garmin Forerunner 735XT Đen và Xanh Ngọc nổi bật với thiết kế thời trang, hiện đại và đi kèm với nhiều tính năng cao cấp như: định vị GPS, chống nước, theo dõi giấc ngủ, nhiều ứng dụng hoạt động thể thao, calo, tình trạng cơ thể… hỗ trợ mạnh mẽ người dùng trong quá trình tập luyện.
Thiết kế
Thoạt nhìn, Garmin Forerunner 735XT có thiết kế rất mỏng và nhẹ, tương tự như những mẫu đồng hồ truyền thống và hấp dẫn người dùng ngay từ ánh nhìn đầu tiên. Toàn bộ đồng hồ chỉ nặng 42 gam. Đó là chưa kể với kho ứng dụng Connect IQ, bạn có thể cá nhân hoá chiếc đồng hồ của mình bằng cách tải về rất nhiều mẫu mặt đồng hồ.
 Theo dõi giấc ngủ, thông số sức khoẻ
Với rất nhiều cảm biến tối tân, chiếc đồng hồ thông minh đầu bảng của Garmin này còn có thể theo dõi giấc ngủ của bạn, các thông số chỉ tiêu sức khoẻ, lượng calories tiêu thụ hàng ngày, để từ đó đưa ra những hướng dẫn giúp bạn tập luyện hiệu quả hơn.
Ngoài ra, nó còn có tính năng rất cao cấp là đo nhịp tim của người dùng.
 ",https://cdn.tgdd.vn/Products/Images/7077/194554/dong-ho-thong-minh-garmin-forerunner-735xt-den-xanh-ngoc-600x600.jpg
https://www.thegioididong.com/dong-ho-thong-minh/fitbit-ionic-den-xam-charcoal,Đồng hồ thông minh Fitbit Ionic Đen xám Charcoal,Fitbit,9990000,"Đồng hồ thông minh Fitbit Ionic Đen xám Charcoal hấp dẫn người dùng ngay từ cái nhìn đầu tiên với vẻ đẹp cực hiện đại cùng nhiều tính năng đắt giá của mình như hướng dẫn tập luyện, định vị GPS, theo dõi nhịp tim...
Thiết kế
Fitbit Ionic có thiết kế mặt đồng hồ vuông cùng chất lượng gia công tỉ mỉ nổi bật với màn hình hiển thị lớn.
Huấn luyện viên cá nhân
Chiếc đồng hồ sẽ như một huấn luyện viên chuyên nghiệp hướng dẫn bạn tập luyện đúng cách và hiệu quả hơn.
Định vị GPS
Nhờ có GPS, bạn sẽ theo dõi quãng đường di chuyển, tập luyện một cách cực chính xác và sử dụng các ứng dụng bản đồ tiện lợi.",https://cdn.tgdd.vn/Products/Images/7077/194524/dong-ho-thong-minh-fitbit-ionic-den-xam-charcoal-600x600.jpg
https://www.thegioididong.com/dong-ho-thong-minh/fitbit-ionic-xam-bac,Đồng hồ thông minh Fitbit Ionic Xám bạc,Fitbit,9990000,"Smartwatch Fitbit Ionic Xám bạc nổi bật với mặt đồng hồ hiển thị lớn vuông vức cùng nhiều tính năng đắt giá của mình như hướng dẫn tập luyện, định vị GPS, theo dõi nhịp tim...
Thiết kế
Fitbit Ionic có thiết kế mặt đồng hồ màn hình hiển thị lớn hình vuông, chất lượng gia công tỉ mỉ cho cảm giác sang trọng và hiện đại.
Huấn luyện viên cá nhân
Smartwatch Fitbit Ionic sẽ đưa ra những hướng dẫn giúp bạn tập luyện đúng cách và hiệu quả hơn như một huấn luyện viên.
Định vị GPS
Nhờ có GPS được trang bị trên smartwatch, bạn sẽ theo dõi quãng đường di chuyển, tập luyện một cách cực chính xác và sử dụng các ứng dụng bản đồ tiện lợi.",https://cdn.tgdd.vn/Products/Images/7077/194526/fitbit-ionic-xam-bac-nt-600x600.jpg
https://www.thegioididong.com/dong-ho-thong-minh/fitbit-ionic-cam-xanh,Đồng hồ thông minh Fitbit Ionic Cam Xanh,Fitbit,9990000,"Đồng hồ thông minh Fitbit Ionic Cam Xanh hấp dẫn người dùng ngay từ cái nhìn đầu tiên không chỉ bởi vẻ ngoài đẹp mắt, màu sắc ấn tượng và mặt đồng hồ hiển thị lớn vuông vức mà còn bởi nó đi cùng nhiều tính năng đắt giá của mình như hướng dẫn tập luyện, định vị GPS, theo dõi nhịp tim...
Thiết kế
Mặt đồng hồ màn hình hiển thị lớn và chất lượng gia công tỉ mỉ cho cảm giác sang trọng và hiện đại cao cấp sẽ là ấn tượng đầu tiên khi bạn nhìn thấy smartwatch Fitbit Ionic.
Huấn luyện viên cá nhân
Như một trợ lý thông minh luôn bên mình, đồng hồ sẽ liên tục đưa ra những hướng dẫn giúp bạn tập luyện đúng cách và hiệu quả hơn như một huấn luyện viên mỗi khi người dùng cần. Bạn cũng có khá nhiều môn thể thao để lựa chọn.
Định vị GPS
Tính năng GPS cao cấp và không thể chính xác hơn sẽ theo dõi quãng đường mà bạn đã di chuyển, tập luyện.",https://cdn.tgdd.vn/Products/Images/7077/194528/fitbit-ionic-cam-xanh-nnt-600x600.jpg
https://www.thegioididong.com/dong-ho-thong-minh/xiaomi-amazfit-stratos-2s,Đồng hồ thông minh Xiaomi Amazfit Stratos 2S,Xiaomi,3430000,"Tiếp nối sau phiên bản smartwatch Stratos 2 thành công, Xiaomi đã cho ra mắt một phiên bản nâng cấp Stratos 2S với màn hình được trang bị mặt kính Sapphire bảo vệ smartwatch an toàn hơn khi va chạm. Và đương nhiên là các tính năng thông minh chuyên về tập luyện, theo dõi sức khỏe vẫn được tích hợp như phiên bản trước.
Thiết kế cá tính
Xiaomi Stratos 2S vẫn mang nét cổ điển với mặt đồng hồ tròn 1.34 inch, nay được trang bị thêm lớp kính Sapphire cho khả năng chống trầy tốt hơn. Bên cạnh đó, vòng bezel với các nút vật lý cho thao tác điều hướng dễ dàng.
Tầm nhìn thoải mái
Với công nghệ phản quang Transflective LCD được trang bị, smartwatch Stratos 2S cho khả năng hiển thị rõ ràng thông tin, hình ảnh kể cả những lúc ở ngoài trời dưới ánh nắng.
 Thoải mái trong nhiều điều kiện thời tiết
Giờ đây Stratos 2S với khả năng kháng nước lên đến 50m, smartwatch của bạn sẽ được bảo vệ an toàn trong nhiều điều kiện thời tiết, kể cả những hoạt động dưới nước bạn cũng không cần phải lo lắng.",https://cdn.tgdd.vn/Products/Images/7077/197202/xiaomi-amazfit-stratos-2s-nnt-600x600.jpg
https://www.thegioididong.com/dong-ho-thong-minh/samsung-gear-s3-frontier,Đồng hồ thông minh Samsung Gear S3 Frontier,Samsung,4990000,"Đồng hồ thông minh Samsung Gear S3 frontier là phiên bản kế nhiệm mới nhất của Gear S2 với nhiều những cải tiến mới rất đáng quan tâm.
Phiên bản dây cao su cá tính
Bề mặt dây được tạo họa tiết kẻ sọc tạo điểm nhấn bắt mắt hơn, ngoài ra, dây cũng được làm dày hơn để tạo độ chắc chắn và bền bỉ.
Khả năng chống nước, chống shock tốt nhất
Đạt tiêu chuẩn chống nước IP68 nên Gear S3 frontier có thể chống nước rất tốt khi bạn rửa tay hay dính nước mưa.
Ngoài ra, khả năng chống shock chịu va đập rất tốt cũng giúp bạn yên tâm vừa đeo đồng hồ vừa hoạt động mà không lo hư hỏng.
Màn hình chất lượng hơn",https://cdn.tgdd.vn/Products/Images/7077/85814/samsung-gear-s3-frontier-lte-400x460.png
https://www.thegioididong.com/dong-ho-thong-minh/fitbit-versa-tim-lavender,Đồng hồ thông minh Fitbit Versa Tím Lavender,Fitbit,9990000,"Đồng hồ thông minh Fitbit Versa SE Lavender Woven gây ấn tượng mạnh với người nhìn bởi màu sắc ấn tượng trẻ trung và đặc biệt phù hợp với các bạn nữ. Ngoài ra, đồng hồ vẫn trang bị nhiều tính năng công nghệ hiện đại cực kỳ tiện dụng và ấn tượng.
Thiết kế trẻ trung, hiện đại
Nếu mới nhìn thấy Fitbit Versa SE Lavender Woven, bạn sẽ rất dễ bị nó hớp hồn bởi thiết kế cực hiện đại và trẻ trung của nó. Máy có thiết kế bo tròn ở 4 góc cùng không gian hiển thị khá lớn so với các mẫu đồng hồ thông minh trên thị trường.
Theo dõi nhịp tim
Tính năng theo dõi nhịp tim cho phép người dùng biết được chính xác tình trạng sức khoẻ và cường độ tập luyện của mình.
Màn hình hiển thị sắc nét
Chất lượng hiển thị của smartwatch Fitibit Versa SE Lavender Woven cũng thuộc hàng xuất sắc trên thị trường. Ở môi trường ngoài trời, người dùng vẫn có thể quan sát một cách rõ ràng các thông tin hiển thị trên đồng hồ.",https://cdn.tgdd.vn/Products/Images/7077/194516/fitbit-versa-tim-lavender-nt-600x600.jpg
https://www.thegioididong.com/dong-ho-thong-minh/garmin-forerunner-235-den-xam,Đồng hồ thông minh Garmin Forerunner 235 Đen xám,Garmin,5390000,"Hỗ trợ GPS giúp định vị, theo dõi tổng quãng đường trong quá trình luyện tập
Một trong những điểm đáng giá nhất của đồng hồ thông minh Garmin Forerunner 235 Đen Xám được tích hợp GPS bên trong giúp theo dõi chính xác quãng đường di chuyển, tập luyện của người dùng cùng các ứng dụng sử dụng bản đồ, yêu cầu lộ trình.
Hỗ trợ đo nhịp tim, giúp bạn theo dõi sức khoẻ
Garmin Forerunner 235 còn được tích hợp cảm biến đo nhịp tim nhờ vào công nghệ độc quyền Garmin Elevate™. Giúp theo dõi một cách chi tiết tình hình sức khoẻ, thể trạng của người dùng.
Theo dõi nhiều thông số sức khoẻ
Nhờ vào các cảm biến thông minh, smartwatch Garmin Forerunner 235 còn có khả năng theo dõi nhiều thông số sức khoẻ của người dùng như đếm bước chân, quãng đường, calories và giấc ngủ…",https://cdn.tgdd.vn/Products/Images/7077/194553/garmin-forerunner-235-den-xam-nt-600x600.jpg
https://www.thegioididong.com/dong-ho-thong-minh/garmin-vivoactive-3-den,Đồng hồ thông minh Garmin Vivoactive 3 Đen,Garmin,5290000,"Đồng hồ thông minh Garmin Vivoactive 3 Đen có kiểu dáng thời trang, hiện đại đi cùng nhiều tính năng hỗ trợ mạnh mẽ cho người dùng yêu thích thể thao, rèn luyện sức khoẻ với rất nhiều công nghệ đột phá.
Thời lượng pin lên đến 8 ngày
Bạn thường bị ám ảnh bởi việc phải sạc hàng ngày? Vậy thì với Garmin Vivoactive 3 bạn có thể hoàn toàn quên đi nỗi lo này. Ở chế độ hoạt động bình thường, đồng hồ thông minh Garmin vivoactive 3 có thể trụ được tới 8 ngày liên tục và 13 giờ ở chế độ kích hoạt GPS liên tục. 
Hỗ trợ nhiều môn thể thao
Với rất nhiều cảm biến, công nghệ thông minh và hiện đại, Garmin vivoactive 3 hỗ trợ lên tới hơn 15 môn thể thao như đạp xe, chạy bộ, bơi lội, yoga, golf… việc của bạn chỉ là cố gắng tập luyện để cải thiện sức khoẻ và tình trạng thể chất của bản thân mà thôi.
Hỗ trợ GPS giúp theo dõi vị trí
Tính năng GPS trên smartwatch Garmin Vivoactive 3 giúp theo dõi chính xác quãng đường, vị trí mà bạn đã tập luyện, hỗ trợ người đeo theo dõi và quản lý quá trình tập luyện, đặc biệt là các ứng dụng tích hợp bản đồ. ",https://cdn.tgdd.vn/Products/Images/7077/194552/dong-ho-thong-minh-garmin-vivoactive-3-den-600x600.jpg
https://www.thegioididong.com/dong-ho-thong-minh/fitbit-versa-den,Đồng hồ thông minh Fitbit Versa Đen,Fitbit,4940000,"Đồng hồ thông minh Fitbit Versa Đen nổi bật với thiết kế hiện đại và trẻ trung đi cùng nhiều chức năng theo dõi và hỗ trợ cải thiện sức khoẻ cũng như quá trình tập luyện. Máy nổi bật với khả năng theo dõi nhịp tim, định vị GPS và thời lượng pin sử dụng lên đến 4 ngày.
Thiết kế màn hình bo cong mềm mại
Smartwatch Fitbit Versa là sự cải tiến của rất nhiều kinh nghiệm so với các thế hệ đi trước. Mặt đồng hồ dạng bo tròn cho phép hiển thị nhiều thông tin hơn và cũng mềm mại, đẹp mắt hơn.
Hỗ trợ hơn 15 chế độ tập thể dục
Có đến hơn 15 chế độ, bộ môn tập thể dục được hỗ trợ trên Fitbit Versa để giúp bạn cải thiện khả năng tập luyện và đưa ra những thống kê chính xác. Theo dõi các chỉ số sức khoẻ.
Định vị GPS
Fitbit Versa cũng được trang bị GPS để đo đạc chính xác quãng đường bạn chạy hoặc lái xe bằng cách kết nối với smartphone.",https://cdn.tgdd.vn/Products/Images/7077/194559/fitbit-versa-den-nt-600x600.jpg
https://www.thegioididong.com/dong-ho-thong-minh/fitbit-versa-vang-dong-hong,Đồng hồ thông minh Fitbit Versa Vàng Hồng,Fitbit,4940000,"Đồng hồ thông minh Fitbit Versa Vàng đồng & Hồng có kiểu dáng nữ tính với màu sắc hồng đào, thích hợp với các bạn nữ, vừa là đồng hồ thời trang vừa là một món phụ kiện trang sức.
Thiết kế
Thiết kế với màu Rose Gold trên điện thoại và dây đeo màu hồng mận nổi bật và nữ tính.
Màn hình
Hiển thị rõ nét ngoài trời với màn hình LCD, giúp ích khi vận động ngoài trời cũng như hiển thị màu sắc đẹp hơn.
Theo dõi nhịp tim
Đồng hồ thông minh Fitbit có khả năng đo nhịp tim chính xác nhờ vào cảm biến phía sau, cho bạn biết mức độ vận động hàng ngày.",https://cdn.tgdd.vn/Products/Images/7077/194561/fitbit-versa-vang-dong-hong-nnt-600x600.jpg
https://www.thegioididong.com/dong-ho-thong-minh/fitbit-versa-do,Đồng hồ thông minh Fitbit Versa Đỏ,Fitbit,4940000,"Đồng hồ thông minh Fitbit Versa Đỏ là chiếc đồng hồ mà bạn sẽ không thể lẫn vào đâu được và sẽ bị nó hấp dẫn ngay từ ánh nhìn đầu tiên, không chỉ bởi màu sắc đặc biệt và kiểu dáng hiện đại, mà còn bởi những tính năng công nghệ đột phá mà nó mang theo.
Thiết kế ấn tượng
Fitbit Versa Đỏ nổi bật với tông màu đỏ ruby đúng như tên gọi đi cùng thiết kế trẻ trung, thanh lịch và hiện đại, phù hợp với cả nam và nữ.
Theo dõi nhịp tim
Nhờ vào 3 cảm biến ở mặt lưng đồng hồ. Fitbit Versa có khả năng đo được cả nhịp tim của người đeo. Giúp bạn biết được chính xác tình trạng hoạt động, thể chất cũng như cường độ tập luyện của mình.
Màn hình hiển thị sắc nét
Ngoài ra, bạn cũng có thể yên tâm về khả năng hiển thị của chiếc đồng hồ này, màn hình của Fitbit Versa Đỏ cho phép người dùng quan sát rõ ràng và sắc nét ngay cả ngoài trời.",https://cdn.tgdd.vn/Products/Images/7077/194520/fitbit-versa-do-nt-600x600.jpg
https://www.thegioididong.com/dong-ho-thong-minh/fitbit-versa-xam-den-charcoal,Đồng hồ thông minh Fibit Versa Xám đen Charcoal,Fitbit,9990000,"Đồng hồ thông minh Fibit Versa Xám đen Charcoal có thiết kế trẻ trung, nổi bật hiện đại phù hợp với cả nam và nữ đi cùng rất nhiều tính năng và công nghệ hiện đại hiếm có một chiếc đồng hồ thông minh nào đạt được.
Thiết kế thanh lịch hiện đại
Đồng hồ thông minh Fitbit Versa Xám đen Charcoal nổi bật với thiết kế trẻ trung, thanh lịch và hiện đại, phù hợp với cả nam và nữ. Màn hình bo tròn cho phép hiển thị nhiều thông tin hơn.
Theo dõi nhịp tim
Tính năng theo dõi nhịp tim cho phép người dùng theo dõi chính xác tình trạng hoạt động, thể chất.
Màn hình hiển thị sắc nét
Chất lượng hiển thị của Fitbit Versa cho phép người dùng quan sát rõ ràng và sắc nét ngay cả ngoài trời.",https://cdn.tgdd.vn/Products/Images/7077/194515/fitbit-versa-xam-den-charcoal-nt-600x600.jpg
https://www.thegioididong.com/dong-ho-thong-minh/fitbit-versa-xam-bac,Đồng hồ thông minh Fitbit Versa Xám bạc,Fitbit,9990000,"Đồng hồ thông minh Fitbit Versa Xám bạc có vẻ ngoài hết sức gọn gàng, trẻ trung và hiện đại đi cùng những tính năng thời thượng, cao cấp và tiện dụng.
Thiết kế thanh lịch hiện đại
Fitbit Versa Xám bạc trông rất gọn gàng và nổi bật trên cổ tay người dùng nhờ được thiết kế tinh tế và chất lượng gia công tỉ mỉ.
Theo dõi nhịp tim
Với tính năng theo dõi nhịp tim smartwatch Fitbit giúp người dùng theo dõi chính xác tình trạng hoạt động, thể chất cũng như cường độ tập luyện phù hợp của mình.
Màn hình hiển thị sắc nét
Chất lượng hiển thị của smartwatch Fitbit Versa cũng thuộc hàng cao cấp trên thị trường, nó cho phép người dùng quan sát rõ ràng và sắc nét ngay cả ngoài trời.",https://cdn.tgdd.vn/Products/Images/7077/194563/dong-ho-thong-minh-fitbit-versa-xam-bac-600x600.jpg
https://www.thegioididong.com/dong-ho-thong-minh/fitbit-versa-tim,Đồng hồ thông minh Fitbit Versa Tím,Fitbit,9990000,"Đồng hồ thông minh Fitbit Versa Tím có thiết kế thanh lịch và trung tính phù hợp với cả nam và nữ. Chiếc đồng hồ thông minh này nổi bật với nhiều tính năng hỗ trợ tập luyện, theo dõi tình trạng thể chất người dùng cùng nhiều tính năng tiện dụng và hiện đại.
Thiết kế thanh lịch hiện đại
Fitbit Versa Tím nổi bật với thiết kế trẻ trung, thanh lịch và hiện đại, phù hợp với cả nam và nữ.
Theo dõi nhịp tim
Tính năng theo dõi nhịp tim cho phép người dùng theo dõi chính xác tình trạng hoạt động, thể chất.
Màn hình hiển thị sắc nét
Chất lượng hiển thị của đồng hồ thông minh Fitbit Versa Tím cho phép người dùng quan sát rõ ràng và sắc nét ngay cả ngoài trời.",https://cdn.tgdd.vn/Products/Images/7077/194518/dong-ho-thong-minh-fitbit-versa-tim-600x600.jpg
https://www.thegioididong.com/dong-ho-thong-minh/fitbit-versa-trang-den,Đồng hồ thông minh Fitbit Versa Trắng đen,Fitbit,9990000,"Đồng hồ thông minh Fitbit Versa Trắng đen nổi bật với 2 tông màu trắng đen tương phản và hấp dẫn người nhìn ngay từ ánh nhìn đầu tiên bởi tính thời trang, hiện đại bên ngoài đi cùng nhiều công nghệ đột phá bên trong.
Thiết kế tương phản, năng động và hiện đại
Fitbit Versa Trắng đen khiến ta khó có thể rời mắt khỏi nó bởi sự nổi bật với thiết kế trẻ trung, thanh lịch và hiện đại, phù hợp với cả nam và nữ.
Theo dõi nhịp tim
Tính năng cao cấp thường thấy trên đồng hồ thông minh cao cấp cũng xuất hiện trên chiếc đồng hồ này, cho phép người dùng theo dõi chính xác tình trạng hoạt động, thể chất thông qua smartwatch.
Màn hình hiển thị sắc nét
Chất lượng hiển thị xuất sắc cũng là điểm mạnh của Fitbit Versa Trắng đen, nó cho phép bạn có thể quan sát rõ ràng và sắc nét ngay cả ngoài trời.",https://cdn.tgdd.vn/Products/Images/7077/194522/dong-ho-thong-minh-fitbit-versa-trang-den-600x600.jpg
https://www.thegioididong.com/dong-ho-thong-minh/fitbit-versa-lite,Vòng tay thông minh Fitbit Versa Lite,Fitbit,3890000,"Tuy không được trang bị tính năng thanh toán Fitbit Pay hay nghe nhạc trên thiết bị, Fitbit Versa Lite vẫn là một lựa chọn đồng hồ thông minh giá rẻ đáng được cân nhắc với tính năng theo dõi sức khỏe cơ bản và thiết kế cao cấp.
Thiết kế cao cấp, trọng lượng nhẹ
Đồng hồ thông minh Fitbit Versa Lite có thiết kế mỏng nhẹ và bền bỉ nhờ vào khung nhôm anode cao cấp. Màn hình cảm ứng cho độ hiển thị cực sáng và màu sắc sống động. Nhiều mặt đồng hồ và dây đeo thời trang được bán riêng để bạn có thể thỏa sức sáng tạo phong cách.
Thời lượng pin ấn tượng
Sử dụng Fitbit Versa Lite liên tục mà không cần sạc suốt 4 ngày liền. Trong khoảng thời gian này, chiếc đồng hồ thông minh Versa Lite sẽ tận tâm theo dõi mọi hoạt động sức khỏe của bạn.
Chống nước 5ATM
Rửa xe, nước đổ hay đi dưới mưa không là vấn đề với khả năng chống nước 50m của Fitbit Versa Lite.",https://cdn.tgdd.vn/Products/Images/7077/200877/fitbit-versa-lite-7-600x600.jpg
https://www.thegioididong.com/dong-ho-thong-minh/fitbit-charge-3-den,Vòng đeo thông minh Fitbit Charge 3 Đen,Fitbit,3690000,"Không chỉ có một vẻ ngoài mới mẻ, thanh thoát với sự tối ưu trong thiết kế, cùng sự nâng cấp trong những tính năng thông minh theo dõi sức khỏe vòng tay thông minh Fitbit Charge 3 sẽ là trợ thủ hỗ trợ đắc lực cho người dùng.
Thiết kế mới, thanh thoát hơn
Vớt mặt sau được vát phẳng hơn, cùng nút vật lí được loại bỏ, Fibit mang đến một diện mạo mới và thanh thoát hơn cho Fitbit Charge 3. Bên cạnh đó khả năng chống trầy khi có va đập cũng được cải tiến hơn với lớp kính cường lực Corning Gorilla Glass 3 được trang bị.
Màn hình OLED cảm ứng, thao tác dễ dàng
Công nghệ màn hình OLED đi cùng hệ màu GrayScale được tích hợp trên màn hình cảm ứng cho phép người dùng theo dõi rõ các hiển thị, thao tác ngay trên mặt cũng trở nên nhanh hơn.
Cập nhật thông tin
Khả năng hiển thị thông tin trên Fitbit Charge 3 nhiều hơn 40% so với thế hệ trước nhờ vào màn hình 1.57 inch. Với ứng dụng Fibit người dùng có thể chủ động điều chỉnh thông số hiển thị như thời gian, ngày tháng, thời tiết, nhịp tim...  theo nhu cầu của cá nhân.",https://cdn.tgdd.vn/Products/Images/7077/195167/fitbit-charge-3-den-nt-600x600.jpg
https://www.thegioididong.com/dong-ho-thong-minh/fitbit-charge-3-xanh-duong,Vòng tay thông minh Fitbit Charge 3 Xanh Dương,Fitbit,3690000,"Ngoài việc cải tiến về thiết kế nhẹ hơn, mỏng hơn với màn hình OLED cảm ứng tiện dụng, vòng tay thông minh Fitbit Charge 3 còn được nâng cấp tích hợp rất nhiều tính năng mới chuyên về theo dõi sức khỏe nhằm hỗ trợ tối ưu cho người dùng có thể nhận biết được thể trạng cá nhân hàng ngày.
Kiểu dáng mới, nhẹ nhàng hơn
Fibit đã loại bỏ hoàn toàn nút vật lý bên cạnh phải của Fitbit Charge 3 cho tổng thể vòng tay thanh thoát, mượt mà hơn nhiều so với thế hệ trước. Fitbit Charge 3 được trang bị một lớp kính cường lực Corning Gorilla Glass 3 cho khả năng chống chịu khi có va đập tốt hơn.
Màn hình cảm ứng, điều hướng linh hoạt
Tấm nền OLED kết hợp hệ màu GrayScale được trang bị trên màn hình cảm ứng cho phép người dùng nhìn rõ các hiển thị, thao tác và điều hướng nhanh chóng ngay trên mặt Fitbit Charge 3.
Cập nhật thông tin ngay trên mặt vòng tay
Màn hình với kích thước 1.57 inch cho khả năng hiển thị thông tin nhiều hơn 40%. Những tính năng được hiển thị như thời gian, ngày tháng, thời tiết, nhịp tim. Với ứng dụng Fibit người dùng có thể chủ động điều chỉnh thông số hiển thị theo nhu cầu của cá nhân.",https://cdn.tgdd.vn/Products/Images/7077/195168/fitbit-charge-3-xanh-duong-nt-600x600.jpg
https://www.thegioididong.com/dong-ho-thong-minh/huawei-watch-2,Đồng hồ thông minh Huawei Watch 2,Huawei,3190000,"Thiết kế hiện đại
Sở hữu thiết kế với màn hình AMOLED 1.2 inch tiện lợi dùng dưới ánh nắng, kết hợp cùng dây đeo chất liệu cao su có nút cài, dễ dàng thay đổi độ rộng dây để phù hợp với cổ tay người đeo.
Giao diện màn hình trên đồng hồ thông minh Huawei Watch 2 này có thể dễ dàng thay đổi bằng nhiều mặt đồng hồ khác nhau.
Tiện ích sức khỏe
Với cảm biến được tích hợp, đồng hồ có thể theo dõi và cung cấp thông tin cho người dùng ở các chế độ như:
- Đo nhịp tim, theo dõi tim bạn có chế độ hoạt động bình thường hay không.
- Tính lượng calories tiêu thụ trong từng chế độ luyện tập riêng biệt.
- Theo dõi giấc ngủ, phân tích bạn có ngủ đủ giấc hay không.",https://cdn.tgdd.vn/Products/Images/7077/193447/dong-ho-thong-minh-huawei-watch-2-chitiet-400x460.png
https://www.thegioididong.com/dong-ho-thong-minh/fitbit-inspire-hr,Vòng đeo thông minh Fitbit Inspire HR,Fitbit,2420000,"Fitbit Inspire HR sở hữu thiết kế thời trang với chất liệu cao cấp và các tính năng theo dõi sức khỏe từ cơ bản đến nâng cao. Thời lượng pin dài và khả năng kháng nước 50m cũng là những điểm đáng chú ý khi so sánh với các vòng đeo tay thông minh khác.
Thiết kế thời trang cao cấp
Fitbit Inspire HR được tạo nên từ sự kết hợp giữa  thân silicon cao cấp và khóa nhôm chắc chắn, giúp bạn thoải mái đeo trên tay. Bạn cũng có thể tùy biến màn hình hay thay đổi vòng đeo tay thông minh theo những phong cách khác nhau.
Thời lượng pin lên đến 5 ngày
Bạn không cần lo lắng tốn thời gian sạc pin nhiều lần vì pin của Fitbit Inspire HR có thể trụ hơn nửa tuần, đáp ứng việc theo dõi sức khỏe của bạn trong thời gian dài.
Chống nước tốt, thoải mái tham gia bơi lội
Fitbit Inspire HR được trang bị khả năng chống nước 5ATM, có thể chịu được áp lực nước dưới độ sâu 50m. Vòng đeo tay thông minh này còn được tích hợp tính năng tính quãng đường bơi mà bạn thực hiện.",https://cdn.tgdd.vn/Products/Images/7077/200838/vong-deo-thong-minh-fitbit-inspire-hr-600x600.png
https://www.thegioididong.com/dong-ho-thong-minh/fitbit-inspire,Vòng đeo thông minh Fitbit Inspire,Fitbit,1790000,"Fitbit Inspire sở hữu thiết kế thời trang và các tính năng theo dõi sức khỏe cơ bản khá chính xác. Giá mềm, thời lượng pin trâu và khả năng chống nước cũng là những điểm cộng khi đưa lên bàn cân với các sản phẩm cùng phân khúc.
Thiết kế thời trang
Fitbit Inspire có trọng lượng nhẹ và vẻ ngoài bóng bẩy, kết hợp hoàn hảo với trang sức trên tay bạn. Nhiều lựa chọn dây đeo và màn hình OLED sang trọng vòng tay thông minh có khả năng tùy biến cao giúp bạn tự tin thay đổi phong cách.
Tính năng theo dõi sức khỏe cơ bản
Tất cả hoạt động của bạn trong ngày đều ảnh hưởng đến sức khỏe của bạn. Vì thế, Fitbit Inspire hỗ trợ tối đa việc theo dõi lượng calo tiêu thụ, đếm số bước chân, đếm số phút bạn hoạt động,... Tính năng tự động nhận diện loại hình luyện tập của bạn giúp đưa ra chế độ tập luyện chính xác.
Pin 5 ngày sử dụng
Tùy vào mức độ sử dụng, Fitbit Inspire có thể theo dõi sức khỏe của bạn 24/7 suốt 5 ngày liền mà không cần sạc.",https://cdn.tgdd.vn/Products/Images/7077/200839/vong-deo-thong-minh-fibit-inspirevong-deo-thong-minh-fibit-inspire-1-600x600.png
https://www.thegioididong.com/dong-ho-thong-minh/zeblaze-vibe-3-hr-den,Đồng hồ thông minh Zeblaze VIBE 3 HR Đen,Zeblaze,990000,"Sở hữu vẻ ngoài thể thao, mạnh mẽ, đồng hồ thông minh Zeblaze VIBE 3 HR sẽ là lựa chọn phù hợp cho phái mạnh, đặc biệt là những tính đồ đam mê tập luyện thể thao.
Màn hình 1.22 inch IPS, dễ dàng sử dụng ngoài trời
Mọi thông tin, hình ảnh sẽ hiển thị rõ nét trong tầm nhìn ngay cả khi tập luyện ngoài trời với tấm nền IPS được trang bị trên đồng hồ thông minh Zeblaze VIBE 3 HR.
Phong cách thể thao mạnh mẽ
Zeblaze VIBE 3 HR được trang bị màn hình tròn, dây đeo silicone cùng họa tiết vuông độc đáo tạo nên nét thể thao cũng như mạnh mẽ riêng cho người đeo. 
Tùy chỉnh giao diện hiển thị trên đồng hồ
Bên cạnh những mặt đồng hồ được Zeblaze trang bị sẵn, người dùng có thể tùy chỉnh thêm những hiển thị về dữ liệu tập luyện ngay trên mặt đồng hồ để tiện theo dõi hơn.",https://cdn.tgdd.vn/Products/Images/7077/197018/zeblaze-vibe-3-hr-den-nt-600x600.jpg
https://www.thegioididong.com/dong-ho-thong-minh/zeblaze-vibe-3-hr-xanh,Đồng hồ thông minh Zeblaze VIBE 3 HR xanh,Zeblaze,990000,"Đồng hồ thông minh Zeblaze VIBE 3 HR xanh được tích hợp các tính năng thông minh theo dõi sức khỏe, cùng với đa dạng chế độ hỗ trợ tập luyện thể thao... sẽ là lựa chọn phù hợp với các tín đồ yêu thích vận động.
Đậm chất thể thao
Sự kết hợp mạnh mẽ từ kiểu dáng đến màn hình tròn cùng các góc cạnh được thiết kế tỉ mỉ mang đến điểm nhấn riêng cực kì thể thao và thời trang cho đồng hồ Zeblaze VIBE 3 HR.
 Thay đổi giao diện
Đa dạng giao diện mặt đồng hồ với mỗi giao diện là cách thể hiện và sắp xếp khác nhau, đồng hồ thông minh Zeblaze mang đến cho bạn nhiều sự lựa chọn thay đổi theo nhu cầu cá nhân hơn.
 Màn hình 1.22 inch kết hợp IPS",https://cdn.tgdd.vn/Products/Images/7077/197259/zeblaze-vibe-3-hr-xanh-nt-600x600.jpg
https://www.thegioididong.com/dong-ho-thong-minh/zeblaze-plug-c-den,Vòng tay thông minh Zeblaze Plug C đen,Zeblaze,594000,"Vòng tay thông minh Zeblaze Plug C được trang bị nhiều tính năng giúp hỗ trợ theo dõi chế độ tập luyện hằng ngày, cùng cảm biến chủ động đo nhịp tim 24/7 sẽ hỗ trợ cho bạn thể trạng sức khỏe tốt hơn.
Màn hình luôn luôn hiển thị
Tính năng luôn luôn hiển thị, kết hợp cùng công nghệ màn hình Transflective LCD cho hình ảnh hiển thị chi tiết, dễ dàng theo dõi thông báo kể cả khi ở ngoài trời.
Thay đổi mặt đồng hồ
Zeblaze trang bị nhiều mặt đồng hồ khác nhau với nhiều màu sắc cho bạn có nhiều sự lựa chọn phù hợp với cá tính hơn.
Cập nhật thông tin nhanh chóng
Những thông tin quan trọng như lịch, nhịp tim, thời gian... sẽ được hiển thị chi tiết ngay trên mặt vòng tay thông minh Zeblaze Plug. Người dùng có thể chủ động điều chỉnh thông số hiển thị theo nhu cầu riêng biệt của từng cá nhân.",https://cdn.tgdd.vn/Products/Images/7077/197014/zeblaze-plug-c-nt-600x600.jpg
https://www.thegioididong.com/dong-ho-thong-minh/zeblaze-plug-c-do,Vòng tay thông minh Zeblaze Plug C đỏ,Zeblaze,594000,"Bên cạnh thiết kế phong cách gọn nhẹ, với màn hình Transflective LCD hiển thị tốt. Vòng tay thông minh Zeblaze Plug C đỏ còn được trang bị nhiều tính năng hiện đại theo dõi sức khỏe và vận động nhằm hỗ trợ tối đa hơn cho người dùng có thể theo dõi được thể trạng hàng ngày.
Màn hình Transflective LCD
Thời gian, ngày tháng, thông số vận động... sẽ được hiển thị rõ ràng, chi tiết trên màn hình với công nghệ Transflective LCD được Zeblaze tích hợp cho vòng tay sức khỏe này.
Cập nhật thông tin
Trên màn hình chính của vòng tay, ngoài những thông số như thời gian, ngày tháng... bạn cũng có thể chủ động mang các mục khác ra màn hình để tiện lợi theo dõi hơn nữa.
Kết nối trong tầm tay
Dù bạn đang lái xe, vận động... thì bạn vẫn nắm bắt được các tin nhắn, cuộc gọi cũng như thông báo liên tục trên màn hình, không lo bỏ lỡ.",https://cdn.tgdd.vn/Products/Images/7077/197230/zeblaze-plug-c-do-nt-600x600.jpg
https://www.thegioididong.com/dong-ho-thong-minh/zeblaze-plug-c-xanh-duong,Vòng tay thông minh Zeblaze Plug C xanh dương,Zeblaze,594000,"Với sắc xanh nổi bật, đi cùng các tính năng hiện đại theo dõi và chăm sóc sức khỏe hàng ngày. Vòng tay thông minh Zeblaze Plug C xanh dương sẽ là một món phụ kiện thời trang thật cá tính vừa là trợ lí cho sức khỏe hàng ngày của bạn.
Màn hình hiển thị tốt
Màn hình với tính năng luôn hiển thị kết hợp với công nghệ Transflective LCD được trang bị cho dữ liệu hiển thị tốt, chi tiết các điểm ảnh.
Luôn luôn cập nhật thông tin
Bên cạnh các mục thông tin thường thấy như thời gian, ngày tháng... bạn cũng có thể chủ động điều chỉnh thông số các chế độ tập luyện trên mặt vòng tay như nhịp tim, thông số vận động...
Thông báo trong tầm tay
Tính năng thông báo cuộc gọi, tin nhắn, nhắc nhở... sẽ đảm bảo thông tin luôn được hiển thị trên mặt đồng hồ, cho bạn tiện theo dõi mà không cần đến điện thoại.",https://cdn.tgdd.vn/Products/Images/7077/197229/zeblaze-plug-c-xanh-duong-nt-600x600.jpg
https://www.thegioididong.com/dong-ho-thong-minh/zeblaze-vibe-3-hr-do,Đồng hồ thông minh Zeblaze VIBE 3 HR đỏ,Zeblaze,9990000,"Sắc đỏ rượu vang kết hợp với phong cách thể thao, mạnh mẽ, đồng hồ thông minh Zeblaze VIBE 3 HR đỏ xứng đáng là chiếc đồng hồ không thể thiếu với những người yêu thể thao.
Sắc đỏ mạnh mẽ
Màn hình tròn cổ điển với góc cạnh được thiết kế tỉ mỉ, cùng dây đeo silicone màu đỏ, Zeblaze VIBE 3 HR tạo nên phong cách riêng cho bạn.
Đồng hồ của bạn - Cá tính của bạn
Ngoài những giao diện được trang bị sẵn, bạn có thể chủ động cập nhật thêm những thông số khác ngay trên màn hình chính để tiện theo dõi hơn.
Tấm nền IPS, hình ảnh sắc nét
Hình ảnh, thông số vận động của từng chế độ sẽ hiển thị rõ nét ngay trên mặt đồng hồ thông minh Zeblaze VIBE 3 HR.",https://cdn.tgdd.vn/Products/Images/7077/197271/zeblaze-vibe-3-hr-do-nt-600x600.jpg
https://www.thegioididong.com/dong-ho-thong-minh/zeblaze-crystal-2-den,Đồng hồ thông minh Zeblaze Crystal 2 đen,Zeblaze,590000,"Không chỉ mang trên mình vẻ ngoài tinh tế, thời trang phù hợp cho cảm nam và nữ, smartwatch Zeblaze Crystal 2 được tích hợp với nhiều tính năng thông minh hỗ trợ tối đa việc tập luyện, theo dõi sức khỏe hàng ngày cho bạn.
Thiết kế đơn giản tinh tế
Zeblaze Crystal 2 với bốn góc được bo cong kết hợp dây đeo silicone có khả năng tùy chỉnh độ rộng theo cổ tay, mang đến cảm giác thoải mái khi đeo trong thời gian dài.
Màn hình 1.29 inch IPS, hiển thị rõ nét
Ngay cả khi ở ngoài trời, hình ảnh, thông báo đều sẽ hiển thị rõ nét, chi tiết nhờ vào công nghệ màn hình IPS được Zeblaze trang bị trên smartwtach Zeblaze Crystal 2.
Đa dạng mặt đồng hồ cùng giao diện hiển thị
Zeblaze ưu ái cho bạn với nhiều mặt đồng hồ đa dạng với những giao diện có nhiều gam màu khác nhau, cho bạn lựa chọn linh động thay đổi theo nhu cầu của cá nhân.",https://cdn.tgdd.vn/Products/Images/7077/197017/zeblaze-crystal-2-den-nt-600x600.jpg
https://www.thegioididong.com/dong-ho-thong-minh/zeblaze-crystal-2-do,Đồng hồ thông minh Zeblaze Crystal 2 đỏ,Zeblaze,590000,"Đồng hồ thông minh Zeblaze Crystal 2  là sự pha trộn giữa 2 tông màu nổi bật đỏ và đen, góp phần tạo nên sự thời trang khi đeo. Bên cạnh đó, đồng hồ cũng sẽ là vị trợ lí tuyệt vời với khả năng theo dõi sức khỏe.
Màn hình IPS 1.29 inch
Các dữ liệu như ngày tháng, thời gian, thông số tập luyện vẫn sẽ hiển thị chi tiết, rõ nét kể cả khi bạn di chuyển ngoài trời nhờ vào công nghệ màn hình IPS được trang bị trên đồng hồ thông minh Zeblaze Crystal 2 đỏ.
Đồng hồ của bạn - Cá tính của bạn
Ngày nay, đồng hồ cũng là món phụ kiện hiện đại thể hiện cá tính riêng. Biết được điều đó, Zeblaze đã trang bị sẵn nhiều mặt đồng hồ với phong cách khác nhau cho bạn thoải mái thay đổi.
Mọi thông báo luôn trong tầm tay
Cuộc gọi, tin nhắn, thông báo... trên điện thoại sẽ được hiển thị ngay trên đồng hồ cho bạn luôn luôn theo dõi, không bỏ lỡ bất kì thông tin nào.",https://cdn.tgdd.vn/Products/Images/7077/197239/zeblaze-crystal-2-do-nt-600x600.jpg
https://www.thegioididong.com/dong-ho-thong-minh/zeblaze-crystal-2-xanh-duong,Đồng hồ thông minh Zeblaze Crystal 2 xanh dương,Zeblaze,590000,"Không chỉ là một phụ kiện thời trang với kiểu dáng tinh tế, đồng hồ thông minh Zeblaze Crystal 2 xanh dương được trang bị các tính năng hiện đại chuyên về theo dõi sức khỏe đi cùng các chế độ vận động tập luyện thể thao.
Kiểu dáng tinh tế
Vẫn là thiết kế tuy quen thuộc thường thấy, màn hình vuông bo cong các góc tạo nét mềm mại, nay kết hợp với viền xanh dương nổi bật quanh viền nổi bật, tạo nên điểm nhấn riêng.
Công nghệ màn hình IPS
Zeblaze Crystal 2 xanh dương với công nghệ màn hình IPS được trang bị mang đến tầm nhìn thoải mái, các chi tiết hình ảnh, dữ liệu hiển thị trên mặt đồng hồ rõ nét.
Hỗ trợ nhận thông báo tiện lợi
Mọi thông báo quan trọng như cuộc gọi, tin nhắn đến... sẽ được bạn bắt trọn và theo dõi trực tiếp trên mặt đồng hồ trong từng phút giây.",https://cdn.tgdd.vn/Products/Images/7077/197237/zeblaze-crystal-2-xanh-duong-nt-600x600.jpg
https://www.thegioididong.com/dong-ho-thong-minh/zeblaze-plug,Vòng tay thông minh Zeblaze Plug,Zeblaze,290000,"Với các tính năng theo dõi quá trình vận động, cũng như theo dõi sức khỏe, vòng tay thông minh Zeblaze Plug sẽ là người bạn đồng hành tuyệt vời hướng dẫn tập luyện, cho bạn có một thể trạng sức khỏe tốt hơn mỗi ngày.
Thiết kế gọn nhẹ
Tổng thể vòng tay thông minh Zeblaze Plug với dây đeo chất liệu silicone có khả năng tháo rời cùng với trọng lượng chỉ 20g cho cảm giác thoải mái khi đeo trong thời gian dài.
Màn hình OLED, tiện lợi thao tác
Công nghệ màn hình OLED được trang bị vòng tay cho khả năng nhìn tốt hình ảnh cũng như thông tin hiển thị ngoài trời, thao tác trên mặt vòng tay cũng dễ dàng hơn.
Thay đổi mặt vòng tay linh hoạt
Lựa chọn giao diện mặt vòng tay bạn yêu thích và tạo nên cá tính riêng cho mình với nhiều mặt vòng tay được Zeblaze dành riêng cho bạn.",https://cdn.tgdd.vn/Products/Images/7077/197015/zeblaze-plug-nt-600x600.jpg
https://www.thegioididong.com/dong-ho-thong-minh/sinophy-sport-b12,Vòng tay thông minh Sinophy Sport B12,Sinophy,150000,"Vòng tay thông minh Sport B12 đến từ thương hiệu Sinophy với kiểu dáng gọn nhẹ đi cùng một số tính năng hiện đại theo dõi sức khỏe như đo nhịp tim, đếm số bước chân, nhắc nhở khi ngồi quá lâu... sẽ hỗ trợ cho bạn có một thể trạng sức khỏe được nâng cao hơn.
Kiểu dáng nhỏ gọn
Với kiểu dáng gọn nhẹ, Sinophy Sport B12 với trọng lượng chỉ 21.8g, thoải mái khi đeo cả ngày dài. Cùng với đó, dây đeo silicone với khả năng tháo rời, cho bạn thay đổi sang những dây có màu sắc khác theo sở thích cá nhân.
Màn hình LCD hiển thị tốt
Hình ảnh, thông báo trên Sport B12 hiển thị tốt, chi tiết với công nghệ màn hình LCD được Sinophy trang bị. Bên cạnh đó, cùng với kính cường lực trang bị hạn chế trầy xước cho vòng tay khi có va chạm.
Nắm bắt thông báo hiển thị
Mọi thông báo như tin nhắn, cuộc gọi đến, nhắc nhở sự kiện, thông tin tập luyện... sẽ hiển thị ngay trên mặt vòng tay, bạn chỉ cần đưa cổ tay lên và theo dõi, không lo bị bỏ lỡ thông tin.",https://cdn.tgdd.vn/Products/Images/7077/197016/vong-tay-thong-minh-sinophy-sport-b12-xanh-600x600-600x600.jpg
https://www.thegioididong.com/dong-ho-thong-minh/sinophy-sport-b14-xanh-duong,Vòng tay thông minh Sinophy Sport B14 xanh dương,Sinophy,250000,"Vòng tay thông minh Sinophy Sport B14 xanh dương có kiểu dáng nhỏ gọn, chất dây silicone mềm. Được thiết kế các tính năng giúp theo dõi và rèn luyện sức khỏe, chiếc vòng tay thông minh mang đến cho bạn một sản phẩm vừa tiện lợi vừa hợp túi tiền.
Kiểu dáng hiện đại, màu sắc trẻ trung
Vòng tay Sinophy được thiết kế thon dài cùng với kích thước màn hình 0.96 inch. Màu sắc trẻ trung kết hợp với kiểu dáng hiện đại mang đến cho bạn một chiếc vòng tay ưng ý. 
Thời lượng pin sử dụng khoảng 4 ngày
Vòng tay thông minh có thể hoạt động và đồng hành cùng bạn liên tục trong khoảng 4 ngày. 
Kết nối và nhận thông báo từ điện thoại
Được trang bị tính năng kết nối với cả smartphone Android hay iOS, chiếc vòng thông minh có thể giúp bạn nhận thông báo từ điện thoại mỗi ngày. Mọi cuộc gọi, tin nhắn, nhắc nhở sự kiện, thông tin tập luyên sức khỏe đều được hiển thị trên màn hình vòng tay.",https://cdn.tgdd.vn/Products/Images/7077/200641/sinophy-sport-b14-xanh-duong-avaa-600x600.jpg
https://www.thegioididong.com/dong-ho-thong-minh/sinophy-sport-b14-do,Vòng tay thông minh Sinophy Sport B14 đỏ,Sinophy,250000,"Vòng tay thông minh Sinophy Sport B14 đỏ được thiết kế với kiểu dáng trẻ trung, hiện đại. Mức giá rẻ nhưng chiếc vòng tay này vẫn mang đầy đủ những tính năng giúp theo dõi và rèn luyện sức khỏe. 
Kiểu dáng trẻ trung, thon gọn
Vòng tay thông minh Sinophy được thiết kế với kiểu dáng thon dài. Màu sắc trẻ trung mang đậm chất hiện đại cùng với tính năng theo dõi sức khỏe và thông báo đưa đến cho bạn sản phẩm ưng ý. 
Pin sử dụng khoảng 4 ngày 
Vòng tay thông minh có thời gian sử dụng khoảng 4 ngày. Khá thoải mái để sử dụng thiết bị hàng ngày lẫn trong các chuyến đi xa.
Nhận thông báo từ điện thoại
Vòng tay có thể kết nối với Android hay iOS. Các cuộc gọi, tin nhắn, nhắc nhở tin nhắn, sự kiện, thông tin tập luyện được hiển thị trên mặt vòng tay. ",https://cdn.tgdd.vn/Products/Images/7077/200643/sinophy-sport-b14-do-ava-1-600x600.jpg
