https://www.lazada.vn/products/tang-vong-ty-huu-phong-thuy-tang-pin-thay-the-tang-hop-full-box-dong-ho-nam-mat-original-sieu-mong-day-thep-lua-den-cao-cap-dizizid-i256290439-s350944924.html?search=1,"( Tặng Vòng Tỳ Hưu Phong Thủy, Tặng Pin Thay Thế, Tặng Hộp Full Box) Đồng hồ nam mặt Original siêu mỏng dây thép lụa đen cao cấp DIZIZID"
https://www.lazada.vn/products/chinh-hangdong-ho-co-nam-muonic-tourbillion-sang-trong-anh-that-100-i267014323-s388730534.html?search=1,(CHÍNH HÃNG)ĐỒNG HỒ CƠ NAM MUONIC TOURBILLION SANG TRỌNG (ẢNH THẬT 100%)
https://www.lazada.vn/products/ngay-vang-tri-an-tang-pin-thay-the-dong-ho-tang-lac-tay-xinh-xan-tang-hop-dung-dong-ho-dong-ho-nu-thoi-trang-be-vien-dinh-da-day-kim-loai-chong-nuoc-tot-i255853463-s349467975.html?search=1,(NGÀY VÀNG TRI ÂN ) [Tặng Pin Thay Thế Đồng Hồ + Tặng Lắc Tay Xinh Xắn + Tặng Hộp Đựng Đồng Hồ] Đồng Hồ Nữ Thời Trang BE Viền Đính Đá Dây Kim Loại Chống Nước Tốt
https://www.lazada.vn/products/sieu-gia-3004-dong-ho-nam-roma-luxury-kinh-sapphire-day-charm-duc-dat-dang-cap-i255689378-s348659530.html?search=1,(Siêu giá 30.04) Đồng hồ Nam ROMA LUXURY Kính Sapphire – Dây CHARM đúc đặt đẳng cấp
https://www.lazada.vn/products/sieu-gia-99k-dong-ho-nam-jenises-hien-thi-lich-ngay-cao-cap-i266604249-s420774383.html?search=1,(SIÊU GIÁ 99K) Đồng Hồ Nam JENISES - Hiển Thị Lịch Ngày Cao Cấp
https://www.lazada.vn/products/xa-kho-ngay-cuoi-tang-pin-thay-the-tri-gia-50k-vong-ty-huu-thach-anh-den-phong-thuy-dong-ho-nam-fngeen-mat-rong-3d-sang-trong-va-ca-tinh-i260157417-s364337894.html?search=1,(XẢ KHO NGÀY CUỐI - Tặng Pin thay thế trị giá 50k & vòng tỳ hưu thạch anh đen phong thuỷ) Đồng Hồ Nam FNGEEN Mặt Rồng 3D Sang Trọng Và Cá Tính
https://www.lazada.vn/products/mua-1-duoc-4-tang-vong-ty-huu-pin-du-phong-hop-dung-dep-dong-ho-nam-dizizid-day-thep-lua-style-doanh-nhan-mat-den-day-den-dzdn01-i253272873-s339077498.html?search=1,[ Mua 1 Được 4 - Tặng Vòng Tỳ Hưu - Pin Dự Phòng - Hộp Đựng Đẹp] Đồng hồ nam DIZIZID dây thép lụa Style Doanh Nhân (Mặt đen - dây đen) DZDN01
https://www.lazada.vn/products/dong-ho-nam-day-thep-khong-gi-cao-cap-nary-2561-den-tang-kem-voucher-bao-hanh-idmuasam-i1904668-s423628697.html?spm=a2o4n.searchlist.list.94.40529e3bYUZ38D&search=1,[Có video quay thật] Đồng hồ nam dây thép không gỉ cao cấp Nary 2561 (Nhiều màu lựa chọn) + Tặng kèm voucher bảo hành IDMUASAM
https://www.lazada.vn/products/hot-phien-ban-moi-dong-ho-nam-crnaira-c029i-dong-ho-nam-thoi-trang-chong-nuoc-mat-dinh-da-da-quang-day-thep-mem-vua-voi-moi-co-co-tay-kinh-khoang-cuong-luc-chong-xuoc-chong-mai-mon-chay-6-kim-dong-ho-thach-anh-khong-co-may-nhat-greenstore-i274410969-s420188714.html?search=1,"[HOT Phiên bản mới]-Đồng hồ nam Crnaira-C029i, đồng hồ nam thời trang chống nước mặt đính đá dạ quang, dây thép mềm vừa với mọi cỡ cổ tay, kính khoáng cường lực chống xước chống mài mòn, chạy 6 kim, đồng hồ thạch anh không cơ máy nhật-GREENSTORE"
https://www.lazada.vn/products/khuyen-mai-lon-khi-mua-dong-ho-nam-0mega_l66m8-tang-day-da-khuyen-mai-tang-vong-da-ty-huu-phong-thuy-02-vien-pin-du-tru-i262096362-s371922906.html?search=1,[KHUYẾN MẠI LỚN] KHI MUA ĐỒNG HỒ NAM 0MEGA_L66M8 + TẶNG DÂY DA + KHUYẾN MÃI TẶNG VÒNG ĐÁ TỲ HƯU PHONG THỦY + 02 VIÊN PIN DỰ TRỮ
https://www.lazada.vn/products/khuyen-mai-lon-khi-mua-dong-ho-nu-0mega_0m668-tang-day-da-bo-chong-xuoc-chong-nuoc-tang-vong-da-ty-huu-phong-thuy-02-vien-pin-du-tru-i262098736-s371964564.html?search=1,"[KHUYẾN MÃI LỚN] KHI MUA ĐỒNG HỒ NỮ 0MEGA_0M668 , TẶNG DÂY DA BÒ , CHỐNG XƯỚC, CHỐNG NƯỚC + TẶNG VÒNG ĐÁ TỲ HƯU PHONG THỦY + 02 VIÊN PIN DỰ TRỮ"
https://www.lazada.vn/products/khuyen-mai-lon-khi-mua-dong-ho-r0lex_ac11h-nam-chong-xuoc-chong-nuoc-tang-day-da-tang-vong-da-ty-huu-phong-thuy-tri-gia-150k-02-pin-du-tru-i252547387-s336333539.html?search=1,"[KHUYẾN MÃI LỚN] KHI MUA ĐỒNG HỒ R0LEX_AC11H NAM, CHỐNG XƯỚC, CHỐNG NƯỚC, TẶNG DÂY DA, TẶNG VÒNG ĐÁ TỲ HƯU PHONG THỦY TRỊ GIÁ 150K + 02 PIN DỰ TRỮ"
https://www.lazada.vn/products/khuyen-mai-giam-gia-dac-biet-dong-ho-nu-casi0_vgjh8-day-da-chong-xuoc-chong-nuoc-tang-1-pin-du-tru-tang-vong-da-ty-huu-tri-gia-150000d-i254812114-s345049969.html?search=1,"[KHUYẾN MÃI] GIẢM GIÁ ĐẶC BIỆT Đồng Hồ Nữ CASI0_VGJH8 , Dây Da , Chống Xước, Chống Nước (Tặng 1 Pin dự trữ), TẶNG Vòng Đá Tỳ Hưu trị giá 150.000Đ"
https://www.lazada.vn/products/sieu-khuyen-mai-tang-pin-du-phong-100k-dong-ho-nu-halei-2v-vang-full-chong-xuoc-chong-nuoc-tang-hop-pin-du-phong-i200666934-s250769389.html?search=1,"[SIÊU KHUYẾN MẠI] TẶNG PIN DỰ PHÒNG 100K- Đồng hồ nữ Halei 2v Vàng Full- chống xước- chống nước: tặng hộp, pin dự phòng"
https://www.lazada.vn/products/sieu-sale-tang-1-lac-tim-2-pin-ag4-tri-gia-100000d-khi-mua-dong-ho-nu-r0lex-r075-day-da-chong-xuoc-chong-nuoc-i258025770-s357630736.html?search=1,"[SIÊU SALE] TẶNG 1 Lắc Tim + 2 pin AG4 trị giá 100.000đ Khi Mua Đồng Hồ Nữ R0LEX R075 Dây Da Chống Xước, Chống Nước"
https://www.lazada.vn/products/tang-kem-pin-dong-ho-nam-day-thep-lua-den-mat-sieu-mong-nibosi-1985-co-lich-ngay-cao-cap-du-mau-i262644199-s373958291.html?search=1,[Tặng Kèm Pin] Đồng hồ nam dây thép lụa đen mặt siêu mỏng NIBOSI 1985 có lịch ngày cao cấp (Đủ Màu)
https://www.lazada.vn/products/version-trung-quoc-huami-amazfit-verge-3-thong-minh-xem-13-inch-amoled-man-hinh-giam-sat-nhip-tim-built-in-nfc-11-che-do-the-thao-i265754921-s382760766.html?search=1,[Version Trung Quốc] Huami AMAZFIT VERGE 3 thông minh Xem 1.3 Inch AMOLED Màn hình giám sát nhịp tim Built-in NFC 11 Chế độ Thể thao
https://www.lazada.vn/products/video-dong-ho-nam-thoi-trang-gia-re-thep-khong-gi-tang-vong-ky-huu-dong-ho-nam-chong-nuoc-dong-ho-nam-the-day-thep-the-thao-i249035567-s397646644.html?search=1,[VIDEO] Đồng Hồ Nam Thời Trang Giá Rẻ THÉP KHÔNG GỈ + TẶNG vòng Kỳ Hưu - Đồng hồ nam chống nước - Đồng hồ nam thể dây thép thể thao
https://www.lazada.vn/products/bo-dong-ho-thong-minh-dz09-tang-viet-cam-ung-i136090099-s138253249.html?search=1,Bộ đồng hồ thông minh DZ09 tặng viết cảm ứng
https://www.lazada.vn/products/cap-dong-ho-halei-nam-nu-cao-cap-chong-xuoc-chong-nuoc-tuyet-doi-gia-1-doi-day-vang-mat-den-i200031478-s250034814.html?search=1,"Cặp Đồng hồ Halei nam nữ cao cấp chống xước, chống nước tuyệt đối (Giá 1 đôi)"
https://www.lazada.vn/products/dong-ho-cam-ung-gia-re-dz09-i135208482-s137061626.html?spm=a2o4n.searchlist.list.99.617431f6cIo26C&search=1,Đồng Hồ Cảm Ứng Giá Rẻ DZ09
https://www.lazada.vn/products/dong-ho-casio-a159-nam-mau-bac-i272510207-s413350438.html?search=1,đồng hồ casio a159 nam màu bạc
https://www.lazada.vn/products/dong-ho-casio-ae-1200whd-1avdf-dong-ho-the-thao-nam-i268470145-s392828390.html?search=1,"Đồng hồ Casio AE-1200WHD-1AVDF, đồng hồ thể thao nam."
https://www.lazada.vn/products/dong-ho-casio-g-shock-ga110-den-vien-xanh-duong-the-thao-nam-nu-i272934448-s415248519.html?search=1,Đồng hồ casio g shock ga110 đen viền xanh dương thể thao nam nữ
https://www.lazada.vn/products/dong-ho-casio-la670wa-1df-nu-pin-day-inox-i246018637-s315813159.html?search=1,ĐỒNG HỒ CASIO LA670WA-1DF NỮ PIN DÂY INOX.
https://www.lazada.vn/products/dong-ho-casio-nam-day-kim-loai-cao-cap-chong-nuoc-chong-gi-khong-phai-mau-thiet-ke-thoi-trang-sanh-dieu-i271484965-s407340373.html?search=1,ĐỒNG HỒ CASIO NAM DÂY KIM LOẠI CAO CẤP - CHỐNG NƯỚC CHỐNG GỈ KHÔNG PHAI MÀU - THIẾT KẾ THỜI TRANG SÀNH ĐIỆU
https://www.lazada.vn/products/dong-ho-casio-the-thao-nam-g-shock-ga-110hr-1a-day-2-lop-mat-den-do-full-box-i268320699-s392448883.html?search=1,Đồng Hồ Casio Thể Thao Nam G-Shock GA-110HR-1A - Dây 2 Lớp Mặt Đen Đỏ - Full Box
https://www.lazada.vn/products/dong-ho-co-nam-automatic-fngeen-f99-day-kim-loai-cao-cap-tang-vong-tay-phong-thuy-i211760051-s265095682.html?search=1,Đồng hồ cơ nam FNGEEN F99 dây kim loại cao cấp
https://www.lazada.vn/products/dong-ho-co-nam-tu-dong-cao-cap-chong-nuoc-day-thep-khong-gi-dong-ho-co-nam-lo-may-automatic-dong-ho-doanh-nhan-mat-rong-i254500573-s416928722.html?search=1,Đồng Hồ Cơ Nam Tự Động Cao Cấp Chống Nước DÂY THÉP KHÔNG GỈ - Đồng Hồ Cơ Nam Lộ Máy Automatic - Đồng hồ Doanh Nhân Mặt Rồng
https://www.lazada.vn/products/dong-ho-day-da-nam-thoi-trang-697-i228315509-s289622861.html?search=1,Đồng hồ dây da nam thời trang 697
https://www.lazada.vn/products/dong-ho-day-thep-khong-gi-orlando-i248459992-s325409511.html?search=1,đồng hồ dây thép không gỉ orlando
https://www.lazada.vn/products/dong-ho-deo-tay-nam-day-da-titan-1580sl01-den-i828918-s1036496.html?search=1,Đồng hồ đeo tay nam dây da Titan 1580SL01 (Đen)
https://www.lazada.vn/products/dong-ho-deo-tay-nam-titan-1650sl01-den-i100824753-s100945217.html?search=1,Đồng hồ đeo tay Nam Titan 1650SL01 (Đen)
https://www.lazada.vn/products/dong-ho-dien-thoai-smartwatch-dz09-den-i136913388-s139417834.html?search=1,Đồng hồ điện thoại SmartWatch DZ09 (Đen)
https://www.lazada.vn/products/dong-ho-doanh-nhan-cao-cap-nam-nibosi-2321-day-thep-nhuyen-day-duc-du-mau-i250251809-s330735565.html?search=1,"Đồng hồ doanh nhân cao cấp nam NIBOSI 2321, dây thép nhuyễn, dây đúc (Đủ màu)"
https://www.lazada.vn/products/dong-ho-doi-the-thao-sport-skmei-s-shock-0931-1060-mat-den-do-i1428001-s1760908.html?search=1,Đồng hồ đôi thể thao Sport Skmei S-Shock 0931-1060 (Mặt đen đỏ)
https://www.lazada.vn/products/dong-ho-dw-classic-petite-melrose-day-lua-nam-i260327544-s374092902.html?search=1,Đồng hồ DW Classic Petite Melrose dây lụa nam
https://www.lazada.vn/products/dong-ho-dw-nam-kim-xanh-day-da-co-lich-i262108592-s371940939.html?search=1,Đồng hồ DW nam kim xanh dây da có lịch
https://www.lazada.vn/products/sieu-sale-tang-1-day-da-cao-cap-2-pin-ag4-tri-gia-100000d-khi-mua-dong-ho-nam-0mega-075-day-da-chong-xuoc-chong-nuoc-i258913975-s359962730.html?search=1,"Đồng Hồ Nam 0MEGA 075 Dây Da Chống Xước, Chống Nước"
https://www.lazada.vn/products/dong-ho-nam-aernsi-day-titanium-2-lich-cao-cap-i249279465-s391486110.html?search=1,Đồng Hồ Nam AERNSI Dây Titanium - 2 Lịch Cao Cấp
https://www.lazada.vn/products/dong-ho-nam-army-usa-quan-doi-my-vien-benzen-kim-loai-sieu-ben-i258843345-s359624994.html?search=1,Đồng hồ Nam ARMY USA Quân Đội Mỹ - Viền Benzen kim Loại siêu bền
https://www.lazada.vn/products/dong-ho-nam-baishuns-day-vang-mat-trangchong-nuocchong-xuoc-i259032841-s360822701.html?search=1,"đồng hồ nam baishuns dây vàng mặt trắng,chống nước,chống xước"
https://www.lazada.vn/products/sieu-giam-giatang-hop-dep-va-pin-3-nam-tri-gia-50k-dong-ho-nam-thoi-trang-vang-sang-trong-cao-cap-kinh-sapphire-day-thep-kim-loai-chong-xuoc-chong-nuoc-chinh-rosra-i170029909-s257915184.html?search=1,Đồng hồ nam cao cấp kính sapphire dây thép kim loại chống xước chống nước
https://www.lazada.vn/products/dong-ho-nam-casio-g-shock-gwg-1000-the-thao-chong-nuoc-i264020884-s377914794.html?search=1,Đồng hồ nam Casio - G Shock GWG 1000 thể thao chống nước
https://www.lazada.vn/products/dong-ho-nam-casio-g-shock-ga-110gb-52mm-i264308876-s378672962.html?search=1,Đồng Hồ Nam Casio G - Shock GA 110GB 52mm
https://www.lazada.vn/products/dong-ho-nam-casio-huyen-thoai-cao-cap-day-kim-loai-chong-gi-khong-phai-mau-i271508269-s407338937.html?search=1,"ĐỒNG HỒ NAM CASIO HUYỀN THOẠI CAO CẤP - DÂY KIM LOẠI CHỐNG GỈ, KHÔNG PHAI MÀU"
https://www.lazada.vn/products/dong-ho-nam-chay-3-kim-fngeen-fn001-day-demi-thep-khong-gi-i241089094-s308291338.html?search=1,ĐỒNG HỒ NAM CHẠY 3 KIM FNGEEN FN001
https://www.lazada.vn/products/xa-kho-3-ngay-dong-ho-nam-dong-ho-day-thep-khong-gi-dong-ho-sang-trong-dong-ho-thoi-trang-nam-chong-xuoc-chong-nuoc-cao-cap-co-6-kim-lich-thep-khong-gi-qbin-shop-i250263098-s330321825.html?search=1,"Đồng hồ nam chống nước cao cấp có 6 kim , lịch , thép không gỉ QBIN Shop"
https://www.lazada.vn/products/dong-ho-nam-chong-nuoc-cao-cap-day-thep-tre-trung-sang-trong-dong-ho-belushi-i248882871-s326934754.html?search=1,"Đồng hồ nam chống nước cao cấp, dây thép, trẻ trung, sang trọng - Đồng hồ BELUSHI"
https://www.lazada.vn/products/dong-ho-nam-chong-nuoc-dizizid-mat-sieu-mong-day-thep-lua-den-co-lich-ngay-tang-vong-ty-huu-may-man-i252535771-s418692262.html?search=1,Đồng hồ nam chống nước DIZIZID mặt siêu mỏng dây thép lụa đen có lịch
https://www.lazada.vn/products/dong-ho-nam-chong-nuoc-mat-rong-bay-day-thep-may-nhat-cao-cap-s666-full-box-tang-pin-du-phong-tri-gia-30k-i245871859-s430798075.html?search=1,Đồng hồ nam chống nước mặt rồng bay dây thép máy Nhật cao cấp S666 (FULL BOX) TẶNG pin dự phòng trị giá 30k
https://www.lazada.vn/products/dong-ho-nam-crnaira-may-nhatmat-denchong-nuocchong-xuoc-i266530475-s386784020.html?search=1,"đồng hồ nam CRNAIRA máy nhật,mặt đen,chống nước,chống xước"
https://www.lazada.vn/products/dong-ho-nam-crnaira-may-nhatmat-trangchong-nuocchong-xuoc-i266530403-s386760507.html?search=1,"đồng hồ nam CRNAIRA máy nhật,mặt trắng,chống nước,chống xước"
https://www.lazada.vn/products/dong-ho-nam-cuena-14-mat-den-day-da-sang-trong-tang-ngay-1-vong-phong-thuy-1-pin-du-phong-i238119677-s358904571.html?search=1,Đồng Hồ Nam CUENA 14 Mặt Đen Dây Da Sang Trọng
https://www.lazada.vn/products/dong-ho-nam-cuena-14-mat-den-day-da-sang-trong-tang-ngay-1-vong-phong-thuy-1-pin-du-phong-i238119677-s358904571.html?search=1,Đồng Hồ Nam CUENA 14 Mặt Đen Dây Da Sang Trọng-Tặng ngay [1 Vòng Phong Thủy + 1 Pin Dự Phòng]
https://www.lazada.vn/products/dong-ho-nam-day-da-cao-cap-kashidun-chong-nuoc-30m-i244130326-s312725845.html?search=1,"Đồng Hồ Nam Dây Da Cao Cấp KASHIDUN, Chống Nước 30m"
https://www.lazada.vn/products/dong-ho-nam-day-da-kinh-3d-i100027261-s297492909.html?search=1,Đồng hồ nam dây da kính 3D
https://www.lazada.vn/products/dong-ho-nam-day-da-timex-expedition-40mm-t49963-nau-i101120813-s385572036.html?search=1,Đồng hồ nam dây da Timex Expedition 40mm T49963 (Nâu)
https://www.lazada.vn/products/dong-ho-nam-day-da-timex-expedition-40mm-tw4b01900-den-i266426537-s386490353.html?search=1,Đồng Hồ Nam Dây Da Timex Expedition 40mm TW4B01900 - Đen
https://www.lazada.vn/products/dong-ho-nam-day-da-timex-expedition-43mm-tw4b10700-nau-i169400732-s185324037.html?search=1,Đồng hồ nam dây da Timex Expedition 43mm TW4B10700 (Nâu)
https://www.lazada.vn/products/dong-ho-nam-day-da-timex-fairfield-sub-second-41mm-tw2r38100-nau-i205987657-s256364705.html?search=1,Đồng hồ Nam dây da Timex Fairfield Sub-Second 41mm TW2R38100 - Nâu
https://www.lazada.vn/products/dong-ho-nam-day-da-titan-1043wl02-den-i403131-s485805.html?search=1,Đồng hồ nam dây da Titan 1043WL02 (Đen)
https://www.lazada.vn/products/dong-ho-nam-day-kim-loai-casio-anh-khue-ae-1200whd-1avdf-tang-day-da-bo-cao-cap-va-tang-dong-ho-the-thao-qq-i102916639-s103568284.html?search=1,Đồng hồ nam dây kim loại Casio Anh Khuê AE-1200WHD-1AVDF
https://www.lazada.vn/products/dong-ho-nam-day-kim-loai-casio-anh-khue-ae-1200whd-1avdf-tang-day-da-bo-cao-cap-i102916628-s103568268.html?search=1,Đồng hồ nam dây kim loại Casio Anh Khuê AE-1200WHD-1AVDF + Tặng dây da bò cao cấp
https://www.lazada.vn/products/dong-ho-nam-day-kim-loai-titan-9280sm02-i403011-s485685.html?search=1,Đồng hồ nam dây kim loại Titan 9280SM02
https://www.lazada.vn/products/dong-ho-nam-day-kim-loai-venice-c2581sgdcbsc-bac-i989062-s1239204.html?search=1,Đồng hồ nam dây kim loại Venice C2581SGDCBSC (Bạc)
https://www.lazada.vn/products/dong-ho-nam-day-luoi-thep-cao-cap-nibosi-2323-fullbox-i212781709-s266504413.html?search=1,Đồng hồ nam dây lưới thép cao cấp Nibosi 2323 (fullbox)
https://www.lazada.vn/products/dong-ho-nam-day-silicon-gt201-den-phoi-do-i273966633-s418712004.html?search=1,Đồng hồ nam dây silicon GT201 (Đen phối đỏ)
https://www.lazada.vn/products/dong-ho-nam-day-silicon-gt-ttp-2017-den-phoi-do-i2413278-s297415040.html?search=1,Đồng hồ nam dây silicon GT-TTP-2017 (Đen phối đỏ)
https://www.lazada.vn/products/dong-ho-nam-day-thep-cao-cap-mat-rong-vang-fullbox-du-mau-tang-kem-vong-ty-huu-cao-cap-i256045030-s349775254.html?search=1,Đồng hồ nam dây thép cao cấp Mặt Rồng Vàng Fullbox
https://www.lazada.vn/products/dong-ho-nam-day-thep-dac-da-quang-ontheedge-036-fullbox-i168412942-s184287359.html?search=1,Đồng hồ nam dây thép đặc dạ quang Ontheedge 036
https://www.lazada.vn/products/dong-ho-nam-day-thep-dac-dinh-hat-cao-cap-nibosi-2315-fullbox-i200014086-s250013393.html?search=1,Đồng hồ nam dây thép đặc đính hạt cao cấp Nibosi 2315 (fullbox)
https://www.lazada.vn/products/dong-ho-nam-day-thep-dac-khong-gi-nibosi-2318-fullbox-nibosi-pin-bh-12-thang-i247856534-s323006607.html?search=1,"Đồng hồ nam dây thép đặc không gỉ Nibosi 2318 (fullbox Nibosi, pin, bh 12 tháng)"
https://www.lazada.vn/products/dong-ho-nam-day-thep-den-mat-sieu-mong-dizizid-dz24-cao-cap-thiet-ke-sang-trong-mat-den-day-den-tang-hop-cao-cap-i254092455-s343246535.html?search=1,Đồng hồ nam dây thép đen mặt siêu mỏng DIZIZID DZ24
https://www.lazada.vn/products/dong-ho-nam-day-thep-khong-gi-chong-nuoc-s666-mat-cham-rong-nang-ngoc-cao-cap-full-hop-i244694224-s316491188.html?search=1,Đồng hồ nam dây thép không gỉ chống nước S666 mặt chạm rồng nâng ngọc cao cấp (Full hộp)
https://www.lazada.vn/products/dong-ho-nam-day-thep-khong-gi-fngeen-f248-chong-nuoc-dang-cap-doanh-nhan-i272970753-s415422137.html?search=1,Đồng Hồ Nam Dây Thép Không Gỉ FNGEEN F248 Chống Nước Đẳng Cấp Doanh Nhân
https://www.lazada.vn/products/dong-ho-nam-day-thep-khong-gi-mat-kinh-doi-mau-chong-xuoc-chong-nuoc-30m-dizizid-dht03-den-tang-01-hop-cao-cap-i264592579-s379260990.html?search=1,Đồng hồ nam dây thép không gỉ mặt kính đổi màu chống xước chống nước 30m DIZIZID DHT03 (Đen) + Tặng 01 hộp cao cấp
https://www.lazada.vn/products/dong-ho-nam-day-thep-lua-den-dizizid-mat-sieu-mong-original-design-dztv-tang-vong-ty-huu-thach-anh-den-i245731595-s315261480.html?search=1,Đồng hồ nam dây thép lụa đen DIZIZID mặt siêu mỏng Original Design DZTV
https://www.lazada.vn/products/dong-ho-nam-day-thep-lua-den-mat-sieu-mong-dizizid-co-lich-ngay-cao-cap-full-hop-style-lich-lam-dz3n001-i190795820-s200846314.html?spm=a2o4n.searchlist.list.100.40529e3bFoWVgi&search=1,Đồng hồ nam dây thép lụa đen mặt siêu mỏng DIZIZID có lịch ngày cao cấp (Full hộp) - Style lịch lãm DZ3N001
https://www.lazada.vn/products/dong-ho-nam-day-thep-orlando-thoi-trang-sunzin-hn-0009wden-i245295368-s314369945.html?search=1,Đồng hồ nam dây thép Orlando thời trang sunzin hn 0009w(đen)
https://www.lazada.vn/products/dong-ho-nam-day-vai-pgh02-xanh-phoi-do-i213683755-s267652851.html?search=1,Đồng hồ nam dây vải PGH02 (Xanh phối đỏ)
https://www.lazada.vn/products/dong-ho-nam-day-vang-mat-trangchat-lieu-thep-khong-han-richong-nuoc-chong-xuoc-tuyet-doi-i248469399-s325152259.html?search=1,"đồng hồ nam dây vàng mặt trắng,chất liệu thép không han rỉ,chống nước ,chống xước tuyệt đối"
https://www.lazada.vn/products/dong-ho-nam-den-led-phat-sang-jis-6541-mat-den-tang-kem-voucher-bao-hanh-idmuasam-i100421982-s100502323.html?spm=a2o4n.searchlist.list.1.46709e3bEHKxn4&search=1,Đồng hồ nam đèn led phát sáng JIS 6541 (Mặt đen) + Tặng kèm voucher bảo hành IDMUASAM
https://www.lazada.vn/products/dong-ho-nam-dien-tu-da-chuc-nang-phong-cach-the-thao-day-thep-khong-gi-skmei-1335-i241154307-s308421563.html?search=1,Đồng hồ nam điện tử đa chức năng phong cách thể thao dây thép không gỉ SKMEI 1335
https://www.lazada.vn/products/dong-ho-nam-dizizid-chong-nuoc-mat-sieu-mong-original-design-day-thep-lua-cao-cap-dz01-i251496675-s333522039.html?search=1,Đồng hồ nam DIZIZID chống nước mặt siêu mỏng Original Design dây thép lụa cao cấp DZ01
https://www.lazada.vn/products/dong-ho-nam-dizizid-day-thep-lua-den-mat-sieu-mong-mau-hot-full-hop-i253271531-s430782377.html?search=1,Đồng hồ nam DIZIZID dây thép lụa đen mặt siêu mỏng mẫu Hot - Full hộp
https://www.lazada.vn/products/dong-ho-nam-dizizid-dhcn03-chong-nuoc-original-design-day-thep-lua-thoi-trang-cao-cap-mau-moi-nhat-tang-vong-ty-huu-may-man-i253265767-s339036985.html?search=1,Đồng hồ nam DIZIZID DHCN03 chống nước Original Design dây thép lụa thời trang cao cấp
https://www.lazada.vn/products/dong-ho-nam-dizizid-dz3n10-chong-nuoc-mat-sieu-mong-special-design-day-thep-lua-cao-cap-i254092404-s343227127.html?search=1,Đồng hồ nam DIZIZID DZ3N10 chống nước mặt siêu mỏng Special Design dây thép lụa cao cấp
https://www.lazada.vn/products/dong-ho-nam-dizizid-sieu-mong-6mm-dz001-i268722193-s393246104.html?search=1,Đồng hồ nam Dizizid siêu mỏng 6mm DZ001
https://www.lazada.vn/products/dong-ho-nam-dong-ho-nam-dong-ho-nam-dong-ho-nam-dong-ho-nam-dong-ho-nam-wwoor-8826-i200072156-s250092028.html?search=1,Đồng hồ nam Đồng hồ nam Đồng hồ nam Đồng hồ nam Đồng hồ nam Đồng hồ nam Wwoor 8826
https://www.lazada.vn/products/dong-ho-nam-fhd-day-thep-khong-gi-mbac-xanh-i135797699-s137887942.html?search=1,Đồng hồ nam FHD dây thép không gỉ - MBAC (xanh)
https://www.lazada.vn/products/dong-ho-nam-fourron-fr9943-day-thep-khong-gi-cao-cap-3-mau-mat-tang-kem-vong-tay-ty-huu-i155888636-s266395259.html?search=1,Đồng hồ nam FOURRON FR9943 dây thép không gỉ cao cấp ( 3 màu Mặt ) + Tặng kèm vòng tay tỳ hưu
https://www.lazada.vn/products/dong-ho-nam-geneva-thoi-trang-day-da-gv005-den-i223429940-s281503071.html?search=1,Đồng hồ nam Geneva thời trang dây da GV005 (Đen)
https://www.lazada.vn/products/sieu-khuyen-mai-tang-pin-du-tru-dong-ho-nam-halei-2v-vang-chong-nuoc-chong-xuoc-i190140111-s268203908.html?search=1,"Đồng hồ nam halei 2V vàng chống nước, chống xước"
https://www.lazada.vn/products/dong-ho-nam-halei-day-vang-mat-denchong-nuoc-chong-xuoc-tuyet-doi-i248472294-s325140428.html?search=1,"đồng hồ nam halei dây vàng mặt đen,chống nước ,chống xước tuyệt đối"
https://www.lazada.vn/products/dong-ho-nam-halei-day-vang-mat-trangchong-nuocchong-xuoc-i248453257-s325136070.html?search=1,"Đồng hồ nam Halei dây vàng mặt trắng,chống nước,chống xước."
https://www.lazada.vn/products/dong-ho-nam-hieu-diesel-dz4281-hang-phan-phoi-chinh-hang-i190142851-s200159609.html?search=1,ĐỒNG HỒ NAM HIỆU DIESEL DZ4281 HÀNG PHÂN PHỐI CHÍNH HÃNG
https://www.lazada.vn/products/dong-ho-nam-julius-han-quoc-day-da-ja-814-ju1005-nau-i221159762-s278053080.html?search=1,Đồng Hồ Nam Julius Hàn Quốc Dây Da JA-814 JU1005 (Nâu)
https://www.lazada.vn/products/dong-ho-nam-julius-han-quoc-day-thep-ja-426-ju1052-bac-mat-den-i205700470-s256054007.html?search=1,ĐỒNG HỒ NAM JULIUS HÀN QUỐC DÂY THÉP JA-426 JU1052 (BẠC MẶT ĐEN)
https://www.lazada.vn/products/dong-ho-nam-julius-han-quoc-day-thep-ja-426-ju1052-bac-i205700960-s256054523.html?search=1,ĐỒNG HỒ NAM JULIUS HÀN QUỐC DÂY THÉP JA-426 JU1052 (BẠC)
https://www.lazada.vn/products/dong-ho-nam-julius-han-quoc-day-thep-ja-426me-ju1052-den-i205709572-s256063206.html?search=1,Đồng Hồ Nam Julius Hàn Quốc Dây Thép Ja-426ME Ju1052 (Đen)
https://www.lazada.vn/products/dong-ho-nam-julius-han-quoc-day-thep-ja-982-den-i232005489-s294658645.html?search=1,Đồng Hồ Nam Julius Hàn Quốc Dây Thép JA-982 (Đen)
https://www.lazada.vn/products/dong-ho-nam-julius-han-quoc-day-thep-ju1231-ja-982-dong-xanh-i233784850-s297519092.html?search=1,Đồng Hồ Nam Julius Hàn Quốc Dây Thép JU1231 JA-982 (Đồng Xanh)
https://www.lazada.vn/products/dong-ho-nam-jun-yu-day-da-thoi-trang-den-i166128540-s181882629.html?search=1,Đồng hồ nam JUN YU dây da thời trang (Đen)
https://www.lazada.vn/products/tang-vong-ty-huu-phong-thuy-may-man-dong-ho-nam-khac-rong-3d-sang-trong-danh-cho-quy-ong-dang-cap-i246757029-s317882396.html?search=1,Đồng Hồ Nam Khắc Rồng 3D Sang Trọng Dành Cho Quý Ông Đẳng Cấp
https://www.lazada.vn/products/dong-ho-nam-mat-original-sieu-mong-day-thep-lua-den-cao-cap-dizizid-dz01-tang-hop-xin-pin-du-phong-tri-gia-35k-i245730562-s315260439.html?search=1,Đồng hồ nam mặt Original siêu mỏng dây thép lụa đen cao cấp DIZIZID DZ01
https://www.lazada.vn/products/dong-ho-nam-mat-rong-fngeen-s666-day-kim-loai-m-chon-mau-i250509342-s331237508.html?search=1,Đồng hồ nam mặt rồng FNGEEN S666 dây kim loại (M Chọn màu)
https://www.lazada.vn/products/khuyen-mai-khung-tang-vong-150000d-khi-mua-dong-ho-nam-mat-rong-vang-trang-cao-cap-i244539349-s420684040.html?search=1,Đồng hồ nam mặt rồng vàng trắng cao cấp
https://www.lazada.vn/products/dong-ho-nam-chong-nuoc-mat-sieu-mong-dizizid-day-titanium-co-kem-lich-ngay-cao-cap-dz3n01-tang-vong-ty-huu-thach-anh-den-i164785114-s423174964.html?search=1,Đồng hồ nam mặt siêu mỏng DIZIZID dây Titanium có kèm lịch ngày cao cấp DZ3N01
https://www.lazada.vn/products/tang-kem-pin-dong-ho-nam-mat-sieu-mong-dizizid-day-titanium-co-lich-ngay-cao-cap-dz3n01-day-den-mat-den-i260071534-s364149810.html?search=1,Đồng hồ nam mặt siêu mỏng DIZIZID dây Titanium DZ3N01
https://www.lazada.vn/products/dong-ho-nam-nary-thoi-trang-118tsgge-den-i156001267-s165977893.html?search=1,Đồng hồ nam Nary thời trang 118TSGGE (Đen)
https://www.lazada.vn/products/dong-ho-nam-nary-thoi-trang-day-thep-118tsgge-bac-mat-xanh-i224116302-s282630793.html?search=1,Đồng hồ nam Nary thời trang dây thép 118TSGGE (Bạc mặt xanh)
https://www.lazada.vn/products/dong-ho-nam-nibosi-1985-chay-full-kim-tang-hop-vong-tay-phong-thuy-gia-huy-diet-i258656359-s359019516.html?search=1,Đồng Hồ Nam Nibosi 1985 - Chạy Full Kim - Tặng Hộp + Vòng Tay Phong Thủy (Giá Hủy Diệt)
https://www.lazada.vn/products/dong-ho-nam-nibosi-1985-chay-full-kim-hop-vong-tay-phong-thuy-gia-cuc-soc-i258637338-s359008050.html?search=1,Đồng Hồ Nam Nibosi 1985 - Chạy Full Kim + Hộp + Vòng Tay Phong Thủy ( Giá Cực Sốc)
https://www.lazada.vn/products/dong-ho-nam-nibosi-1985-chay-full-kim-hop-vong-tay-phong-thuy-gia-cuc-soc-i258664705-s359138216.html?search=1,Đồng Hồ Nam Nibosi 1985 - Chạy Full Kim + Hộp + Vòng Tay Phong Thủy (GIÁ CỰC SỐC)
https://www.lazada.vn/products/dong-ho-nam-nibosi-1985-cao-cap-hang-fullbox-day-du-phu-kien-ni2322-day-duc-may-chay-6-kim-i235294944-s299736551.html?search=1,"Đồng hồ Nam Nibosi 1985 cao cấp (Ni2322 dây đúc, máy chạy 6 kim)"
https://www.lazada.vn/products/dong-ho-nam-nibosi-1985-day-da-cao-cap-tang-kem-pin-vong-ty-huu-i211757349-s277680287.html?search=1,Đồng hồ nam NIBOSI 1985 dây da cao cấp
https://www.lazada.vn/products/dong-ho-nam-nibosi-1985-day-da-tron-chay-6-kim-mdl-1985l-full-box-i136146264-s286807290.html?spm=a2o4n.searchlist.list.10.32295b73qKQqBD&search=1,Đồng hồ nam NIBOSI 1985 dây da trơn chạy 6 kim MDL-1985L (full box)
https://www.lazada.vn/products/dong-ho-nam-nibosi-1985-day-da-tron-chay-6-kim-hang-full-box-i216963427-s291516235.html?search=1,"Đồng hồ nam NIBOSI 1985 dây da trơn chạy 6 kim, hàng full box"
https://www.lazada.vn/products/dong-ho-nam-nibosi-1985-day-duc-thep-khong-gi-day-luoi-i246949395-s319176951.html?search=1,"Đồng hồ nam Nibosi 1985 dây đúc, thép không gỉ (dây lưới)"
https://www.lazada.vn/products/dong-ho-nam-nibosi-1985-day-duc-thep-khong-gi-day-luoi-i211163700-s275093370.html?search=1,"Đồng hồ nam Nibosi 1985 dây đúc, thép không gỉ (dây lưới)"
https://www.lazada.vn/products/dong-ho-nam-nibosi-1985-day-duc-thep-khong-gi-ni2309-day-duc-i209081827-s277202137.html?search=1,"Đồng hồ nam Nibosi 1985 dây đúc, thép không gỉ (Ni2309 dây đúc )"
https://www.lazada.vn/products/dong-ho-nam-nibosi-1985-day-duc-thep-khong-gi-nibosi-717-day-duc-i232006970-s294695146.html?search=1,"Đồng hồ nam Nibosi 1985 dây đúc, thép không gỉ (NIbosi 717 dây đúc )"
https://www.lazada.vn/products/tang-pin-du-phong-them-vong-ty-huu-dong-ho-nam-nibosi-1985-day-lua-dong-ho-nam-dong-ho-nibosi-1985-dong-ho-nibosi-day-lua-dong-ho-nibosi-day-lua-1985-dong-ho-thoi-trang-nam-nibosi-dong-ho-nibosi-thoi-trang-cap-cap-i248754459-s326683758.html?search=1,Đồng Hồ Nam Nibosi 1985 Dây Lụa- Đồng Hồ Nibosi Thời Trang Cao Cấp
https://www.lazada.vn/products/dong-ho-nam-nibosi-1985-day-thep-duc-cao-cap-chay-6-kim-mdl-1985s-full-box-tang-vong-ty-huu-pin-i215710354-s270272853.html?search=1,Đồng hồ nam NIBOSI 1985 dây thép đúc cao cấp chạy 6 kim MDL-1985S
https://www.lazada.vn/products/dong-ho-nam-nibosi-1985-day-thep-duc-chay-6-kim-business-style-mdl-2309s-fullbox-kem-pin-i208479534-s279377228.html?search=1,Đồng hồ nam NIBOSI 1985 dây thép đúc chạy 6 kim business MDL-2309S
https://www.lazada.vn/products/dong-ho-nam-nibosi-1985-day-thep-luoi-mong-cao-cap-full-6-kim-lich-ngay-full-box-i221417077-s279385872.html?search=1,Đồng hồ nam NIBOSI 1985 dây thép lưới mỏng cao cấp full 6 kim lịch ngày (full box)
https://www.lazada.vn/products/dong-ho-nam-nibosi-2302-kinh-trang-sapphire-chong-nuoc-cuc-tot-chay-full-kim-i247080384-s377782259.html?search=1,Đồng hồ Nam NIBOSI 2302 Kính Tráng SAPPHIRE - Chống nước cực tốt – Chạy Full Kim
https://www.lazada.vn/products/dong-ho-nam-nibosi-2309t-1985-day-thep-duc-cao-cap-chay-6-kim-sieu-chong-nuoc-va-chong-xuoc-full-box-i218192599-s273676900.html?search=1,ĐỒNG HỒ NAM NIBOSI 2309T (1985) DÂY THÉP ĐÚC CAO CẤP CHẠY 6 KIM
https://www.lazada.vn/products/dong-ho-nam-nibosi-cao-cap-hang-fullbox-tang-pin-du-phong-va-cay-thao-mac-ni2309-day-duc-may-chay-6-kim-i216278409-s312603605.html?search=1,"Đồng hồ Nam Nibosi cao cấp (Ni2309 dây đúc, máy chạy 6 kim)"
https://www.lazada.vn/products/gia-goc-dong-ho-nam-nibosi-luxury-kinh-trang-sapphire-chong-nuoc-cuc-tot-chay-full-kim-i266170159-s385114349.html?search=1,Đồng hồ Nam NIBOSI LUXURY Kính Tráng SAPPHIRE
https://www.lazada.vn/products/dong-ho-nam-orlando-day-thep-co-clip-i250227569-s330519356.html?search=1,Đồng hồ nam ORLANDO dây thép có clip
https://www.lazada.vn/products/dong-ho-nam-panars-usa-kieu-dang-quan-doi-cuc-chat-chong-nuoc-thoai-mai-i242913553-s310962178.html?search=1,"Đồng Hồ Nam PANARS USA Kiểu Dáng Quân Đội Cực Chất, Chống Nước Thoải Mái"
https://www.lazada.vn/products/dong-ho-nam-panars-usa-kieu-dang-quan-doi-cuc-chat-chong-nuoc-thoai-mai-i242916199-s310961412.html?search=1,"Đồng Hồ Nam PANARS USA Kiểu Dáng Quân Đội Cực Chất, Chống Nước Thoải Mái"
https://www.lazada.vn/products/khuyen-mai-khung-tang-vong-da-ty-huu-2-pin-ag4-tri-gia-100000d-khi-mua-dong-ho-nam-r0lex-r028-day-da-chong-xuoc-chong-nuoc-i249487939-s362982125.html?search=1,"Đồng Hồ Nam R0LEX R028 Dây Da Chống Xước, Chống Nước"
https://www.lazada.vn/products/khuyen-mai-lon-giam-gia-dac-biet-khi-mua-dong-ho-nam-r0lex_jjk99-duoc-tang-vong-da-ty-huu-phong-thuy-tri-gia-150k-02-pin-du-tru-i254265855-s343831058.html?search=1,ĐỒNG HỒ NAM R0LEX_JJK99
https://www.lazada.vn/products/dong-ho-nam-rd-day-thep-tang-1-vong-may-man-day-day-vang-mat-den-i245346181-s314454706.html?search=1,Đồng hồ Nam RD dây thép TẶNG 1 vòng may mắn dây (dây vàng mặt đen)
https://www.lazada.vn/products/dong-ho-nam-roma-italy-kinh-trang-sapphire-chuyen-mau-nghe-thuat-day-thep-duc-dat-cao-cap-i249605431-s393768032.html?search=1,Đồng hồ Nam ROMA ITALY Kính Tráng Sapphire
https://www.lazada.vn/products/dong-ho-nam-roma-italy-kinh-trang-sapphire-full-kim-day-thep-duc-dat-cao-cap-i266134495-s385152050.html?search=1,Đồng hồ Nam ROMA ITALY Kính Tráng Sapphire Full Kim – Dây thép đúc đặt cao cấp
https://www.lazada.vn/products/dong-ho-nam-roma-italy-lux-kinh-trang-sapphire-full-kim-day-thep-duc-dat-cao-cap-i266134138-s384948111.html?search=1,Đồng hồ Nam ROMA ITALY LUX Kính Tráng Sapphire Full Kim – Dây thép đúc đặt cao cấp
https://www.lazada.vn/products/dong-ho-nam-rong-fngeen-3d-day-thep-khong-gi-ban-doanh-nhan-tang-vong-ty-huu-fullbox-i244236800-s312882009.html?search=1,ĐỒNG HỒ NAM RỒNG FNGEEN 3D DÂY THÉP KHÔNG GỈ BẢN DOANH NHÂN
https://www.lazada.vn/products/dong-ho-nam-sanda-the-thao-day-silicone-sieu-ben-i264056568-s390878128.html?search=1,Đồng Hồ Nam SANDA Thể Thao Dây Silicone Siêu Bền
https://www.lazada.vn/products/tro-gia-3004-dong-ho-nam-sesop-chau-au-van-soc-dang-cap-tang-kem-pin-du-phong-i255653984-s348594331.html?search=1,Đồng hồ Nam SESOP Châu Âu - Vân Sọc Đẳng Cấp + Tặng kèm pin dự phòng
https://www.lazada.vn/products/dong-ho-nam-sesop-chau-au-van-soc-dang-cap-tang-kem-pin-du-phong-i255653984-s348594331.html?search=1,Đồng hồ Nam SESOP Châu Âu - Vân Sọc Đẳng Cấp + Tặng kèm pin dự phòng
https://www.lazada.vn/products/dong-ho-nam-sesop-chau-au-van-soc-dang-cap-tang-kem-pin-du-phong-i255653984-s348594331.html?spm=a2o4n.searchlist.list.115.25aa5b73JgOe6t&search=1,Đồng hồ Nam SESOP Châu Âu - Vân Sọc Đẳng Cấp + Tặng kèm pin dự phòng
https://www.lazada.vn/products/dong-ho-nam-sesop-ryker-dinh-da-sang-trong-tang-pin-du-phong-i255618566-s348440759.html?search=1,Đồng hồ Nam SESOP RYKER Đính đá sang trọng
https://www.lazada.vn/products/dong-ho-nam-sieu-dep-ttp-217mat-trang-i145690628-s151614848.html?search=1,Đồng hồ nam siêu đẹp TTP-217(mặt trắng))
https://www.lazada.vn/products/dong-ho-nam-skmei-9069-co-lich-ngay-chong-nuoc-30m-day-thep-khong-gi-cao-cap-i223595034-s306118767.html?search=1,Đồng hồ nam Skmei 9069 có lịch ngày chống nước 30m dây thép không gỉ cao cấp
https://www.lazada.vn/products/dong-ho-nam-skmei-cao-cap-sk105-day-thep-bac-i260151554-s364346980.html?search=1,Đồng hồ nam Skmei cao cấp SK105 dây thép (Bạc)
https://www.lazada.vn/products/dong-ho-nam-skmei-thoi-trang-sk112-day-thep-khong-gi-i247467718-s321518214.html?search=1,Đồng hồ nam Skmei thời trang SK112 dây thép không gỉ
https://www.lazada.vn/products/dong-ho-nam-the-thao-mingzhi-nhat-ban-chong-nuoc-sieu-tot-2-may-ben-bi-manh-me-i258925266-s359815658.html?search=1,Đồng hồ Nam Thể Thao MINGZHI Nhật Bản Chống Nước Siêu Tốt - 2 Máy Bền bỉ & Mạnh mẽ
https://www.lazada.vn/products/dong-ho-nam-thoi-trang-cao-cap-chong-nuoc-l121-day-thep-khong-gi-co-video-co-2-mau-dong-ho-nam-cao-cap-i218057866-s394404103.html?search=1,Đồng Hồ Nam Thời Trang Cao Cấp Chống Nước L121 Dây Thép Không Gỉ
https://www.lazada.vn/products/dong-ho-nam-thoi-trang-chong-nuoc-cao-cap-skmei-9096-xanh-003-i143200318-s147972672.html?spm=a2o4n.searchlist.list.9.46709e3bRu7Nid&search=1,Đồng hồ nam thời trang chống nước cao cấp Skmei 9096 ( Xanh ) 003
https://www.lazada.vn/products/dong-ho-nam-thoi-trang-chong-nuoc-skmei-den-01-i105939984-s107071860.html?search=1,Đồng hồ nam thời trang chống nước Skmei ( Đen ) 01
https://www.lazada.vn/products/dong-ho-nam-thoi-trang-chong-nuoc-skmei-den-sk-01-i106919800-s108241548.html?search=1,Đồng hồ nam thời trang chống nước Skmei ( Đen ) SK 01
https://www.lazada.vn/products/dong-ho-nam-thoi-trang-chong-nuoc-skmei-den-sk-010-i120086447-s120091504.html?spm=a2o4n.searchlist.list.31.40529e3b7X0Lq4&search=1,Đồng hồ nam thời trang chống nước Skmei ( Đen) SK 010
https://www.lazada.vn/products/dong-ho-nam-thoi-trang-chong-nuoc-skmei-9069-trang-01-i143056125-s147796024.html?search=1,Đồng Hồ Nam Thời Trang Chống Nước SKMEI 9069 ( Trắng ) 01
https://www.lazada.vn/products/dong-ho-nam-thoi-trang-chong-nuoc-skmei-9069-vang-sk-002-i143153931-s147931227.html?search=1,Đồng Hồ Nam Thời Trang Chống Nước Skmei 9069 ( Vàng) SK 002
https://www.lazada.vn/products/dong-ho-nam-thoi-trang-day-cao-su-ge002-den-mat-trang-i223522871-s281681243.html?search=1,Đồng hồ nam thời trang dây cao su GE002 (Đen mặt trắng)
https://www.lazada.vn/products/dong-ho-nam-thoi-trang-day-da-chong-nuoc-vinoce-mat-sieu-mong-co-lich-ngay-tang-vong-ty-huu-i266332777-s386110445.html?search=1,Đồng hồ nam thời trang dây Da chống nước Vinoce mặt siêu mỏng có lịch ngày Tặng vòng Tỳ Hưu
https://www.lazada.vn/products/dong-ho-nam-thoi-trang-day-thep-ge1000-bac-mat-den-i223428117-s281496577.html?search=1,Đồng hồ nam thời trang dây thép GE1000 (Bạc mặt đen)
https://www.lazada.vn/products/dong-ho-nam-thoi-trang-sieu-dep-mat-den-i140516285-s144146289.html?search=1,Đồng hồ nam thời trang siêu đẹp (mặt đen)
https://www.lazada.vn/products/dong-ho-nam-timex-the-waterbury-day-da-40mm-tw2p58700-nau-dam-i1968872-s2424075.html?search=1,Đồng Hồ Nam Timex The Waterbury Dây Da 40mm TW2P58700 - Nâu đậm
https://www.lazada.vn/products/dong-ho-nam-vicero-cao-cap-6-kim-chiu-nuoc-thoai-mai-5-mau-de-lua-chon-i235558877-s313440492.html?search=1,Đồng Hồ Nam VICERO Cao Cấp 6 Kim Chịu Nước Thoải Mái 5 Màu Để Lựa Chọn
https://www.lazada.vn/products/dong-ho-nam-dong-ho-nibosi-2309-vong-ty-huu-phong-thuy-i252036679-s334735406.html?search=1,"Đồng hồ nam, đồng hồ nibosi 2309 + Vòng tỳ hưu phong thủy"
https://www.lazada.vn/products/dong-ho-nam-dong-ho-nibosi-2309-vang-mat-den-vong-tay-ty-huu-phong-thuy-i248213777-s324226785.html?search=1,"Đồng hồ nam, đồng hồ Nibosi 2309 vàng mặt đen"
https://www.lazada.vn/products/dong-ho-nu-cao-cap-lawruns-chong-nuoc-i252941905-s338363838.html?search=1,Đồng hồ nữ cao cấp LAWRUNS chống nước
https://www.lazada.vn/products/dong-ho-nu-casio-baby-g-shock-nhieu-loai-i248813515-s326642618.html?search=1,Đồng hồ nữ Casio BaBy G-shock nhiều loại
https://www.lazada.vn/products/dong-ho-nu-casio-g-shock-nhua-cao-cap-chong-nuoc-bao-hanh-pin-va-may-3-thang-i250687226-s331443256.html?search=1,ĐỒNG HỒ NỮ CASIO G SHOCK NHỰA CAO CẤP CHỐNG NƯỚC (bảo hành pin và máy 3 tháng)
https://www.lazada.vn/products/dong-ho-nu-chong-nuoc-bs-bee-sister-m021-day-kim-loai-kem-hop-dong-ho-nu-gia-re-vang-bac-tang-kem-pin-thay-the-dong-ho-i224554810-s283256402.html?search=1,Đồng hồ Nữ Chống nước BS Bee Sister M021 Dây Kim Loại (Kèm Hộp) Đồng hồ nữ giá rẻ (Vàng/ Bạc) + Tặng kèm Pin thay thế đồng hồ
https://www.lazada.vn/products/dong-ho-nu-chong-tham-nuoc-day-thep-khong-gi-halei-472l-mat-trang-tang-1-doi-bong-tai-hoa-anh-dao-xinh-xan-i102952042-s103618637.html?search=1,Đồng hồ nữ chống thấm nước dây thép không gỉ HALEI 472L (mặt trặng) + Tặng 1 đôi bông tai hoa anh đào xinh xắn
https://www.lazada.vn/products/dong-ho-nu-curren-chong-nuoc-day-thep-lua-cao-cap-i236929774-s306156003.html?search=1,"Đồng Hồ Nữ CURREN Chống Nước, Dây Thép Lụa Cao Cấp"
https://www.lazada.vn/products/dong-ho-nu-day-cao-su-cao-cap-jis-2162-day-den-mat-trang-tang-kem-voucher-bao-hanh-idmuasam-i2021733-s2501330.html?spm=a2o4n.searchlist.list.5.46709e3b4OAtmy&search=1,Đồng hồ nữ dây cao su cao cấp JIS 2162 (Dây đen mặt trắng) + Tặng kèm voucher bảo hành IDMUASAM
https://www.lazada.vn/products/dong-ho-nu-day-da-2-kim-geneva-mat-kinh-chong-xuoc-chong-nuoc-i265454632-s382060587.html?search=1,Đồng Hồ Nữ Dây Da 2 Kim Geneva Mặt Kính Chống Xước Chống Nước
https://www.lazada.vn/products/dong-ho-nu-day-da-casio-anh-khue-lq-139l-3bdf-i133217112-s134149926.html?search=1,Đồng hồ nữ dây da Casio Anh Khuê LQ-139L-3BDF
https://www.lazada.vn/products/dong-ho-nu-day-da-casio-anh-khue-ltp-v004gl-7audf-i106210747-s107377169.html?search=1,Đồng hồ nữ dây da Casio Anh Khuê LTP-V004GL-7AUDF
https://www.lazada.vn/products/dong-ho-nu-day-da-casio-anh-khue-ltp-v006gl-7budf-i217728172-s272871034.html?search=1,Đồng hồ nữ dây da Casio Anh Khuê LTP-V006GL-7BUDF
https://www.lazada.vn/products/dong-ho-nu-day-da-thoi-trang-chong-nuoc-gia-re-dep-lap-lanh-i254091435-s344772030.html?search=1,"Đồng Hồ Nữ Dây Da Thời Trang Chống Nước Giá Rẻ, Đẹp, Lấp Lánh"
https://www.lazada.vn/products/dong-ho-nu-day-da-tong-hop-geneva-ge003-trang-i121590743-s121678633.html?spm=a2o4n.searchlist.list.70.40529e3bq32BHA&search=1,Đồng hồ nữ dây da tổng hợp Geneva GE003 (Trắng)
https://www.lazada.vn/products/dong-ho-nu-day-kim-loai-bewatch-hr1741-vang-i102144590-s102563455.html?spm=a2o4n.searchlist.list.144.7ae95b21D0aRpT&search=1,Đồng hồ nữ dây kim loại Be.Watch Hr1741 (Vàng)
https://www.lazada.vn/products/dong-ho-nu-day-kim-loai-bee-sister-chong-nuoc-vang-i228450547-s289834138.html?search=1,Đồng hồ nữ dây kim loại Bee Sister chống nước (vàng)
https://www.lazada.vn/products/dong-ho-nu-day-kim-loai-gia-re-chong-nuoc-bs-bee-sister-dinh-da-m020-kem-hop-new-luxury-dong-ho-nu-gia-re-chong-nuoc-day-kim-loai-tang-kem-pin-dong-ho-thay-the-mai-lee-i233627625-s297279973.html?search=1,Đồng hồ nữ Dây Kim Loại Giá rẻ Chống Nước BS Bee Sister Đính đá M020 (Kèm Hộp)
https://www.lazada.vn/products/dong-ho-nu-day-nhua-casio-anh-khue-lq-139amv-1b3ldf-i101118456-s101292339.html?search=1,Đồng hồ nữ dây nhựa Casio Anh Khuê LQ-139AMV-1B3LDF
https://www.lazada.vn/products/dong-ho-nu-day-nhua-casio-anh-khue-lq-139bmv-1bldf-i100997609-s101145900.html?search=1,Đồng hồ nữ dây nhựa Casio Anh Khuê LQ-139BMV-1BLDF
https://www.lazada.vn/products/dong-ho-nu-day-thep-luakhoa-nam-cham-chong-nuoc-chong-xuoc-tot-i272186871-s412256777.html?search=1,"đồng hồ nữ dây thép lụa,khóa nam châm chống nước ,chống xước tốt"
https://www.lazada.vn/products/dong-ho-nu-day-thep-mau-vang-v6-001-chong-nuoc-halei-i143200004-s147972294.html?search=1,Đồng hồ nữ dây thép màu vàng V6 001 chống nước HALEI
https://www.lazada.vn/products/dong-ho-nu-day-titanium-chong-nuoc-sang-chanh-cho-quy-co-i257427336-s355452710.html?search=1,Đồng Hồ Nữ Dây Titanium Chống Nước Sang Chảnh Cho Quý Cô
https://www.lazada.vn/products/dong-ho-nu-day-xoan-thoi-trang-008tsgge-vang-i158185147-s169728269.html?search=1,Đồng hồ nữ dây xoắn thời trang 008TSGGE (Vàng)
https://www.lazada.vn/products/dong-ho-nu-dinh-da-toan-than-sang-trong-tinh-te-bee-sister-r01-chong-nuoc-voi-day-thep-khong-gi-dac-biet-chong-tray-xuoc-tot-full-hop-dep-co-bao-hanh-i258349716-s358196142.html?search=1,Đồng hồ nữ đính đá toàn thân sang trọng tinh tế Bee Sister R01 chống nước với dây thép không gỉ đặc biệt chống trày xước tốt full hộp đẹp (Có bảo hành)
https://www.lazada.vn/products/dong-ho-nu-gia-re-day-kim-loai-chong-nuoc-bs-bee-sister-style-han-quoc-m01-dinh-da-va-vien-xoay-tang-kem-pin-dong-ho-thay-the-dong-ho-nu-gia-re-day-kim-loai-dong-ho-gia-re-i265180587-s419006594.html?search=1,Đồng hồ nữ Giá rẻ dây kim loại chống nước BS Bee Sister Style Hàn Quốc M01 Đính đá và Viền xoay + Tặng kèm Pin Đồng hồ thay thế | Dong ho nu gia re day kim loai | Đồng hồ giá rẻ
https://www.lazada.vn/products/dong-ho-nu-halei-hl168-v6-mau-vang-chong-nuoc-i143199050-s147973245.html?search=1,Đồng hồ nữ Halei HL168 V6 màu vàng chống nước
https://www.lazada.vn/products/dong-ho-nu-halei-hl236-v6-mat-trang-chong-nuoc-i143202820-s147979321.html?search=1,Đồng hồ nữ Halei Hl236 V6 mặt trắng chống nước
https://www.lazada.vn/products/dong-ho-nu-halei-hl502-vang-mat-den-chong-xuoc-chong-nuoc-i244691259-s420636291.html?search=1,"Đồng hồ nữ Halei HL502 vàng mặt đen chống xước, chống nước"
https://www.lazada.vn/products/dong-ho-nu-ja-426le-ju1052-julius-han-quoc-day-thep-den-i205684341-s256028700.html?search=1,ĐỒNG HỒ NỮ JA-426LE JU1052 JULIUS HÀN QUỐC DÂY THÉP (ĐEN)
https://www.lazada.vn/products/dong-ho-nu-julius-han-quoc-chinh-hang-ja-959-i143274655-s148086746.html?search=1,ĐỒNG HỒ NỮ JULIUS HÀN QUỐC CHÍNH HÃNG JA-959
https://www.lazada.vn/products/dong-ho-nu-julius-han-quoc-day-da-ja-1018a-xanh-dam-i212523476-s266188275.html?search=1,Đồng Hồ Nữ Julius Hàn Quốc Dây Da Ja-1018A (Xanh Đậm)
https://www.lazada.vn/products/dong-ho-nu-julius-han-quoc-day-da-ja-1070e-nau-i210157871-s262641961.html?search=1,Đồng Hồ Nữ Julius Hàn Quốc Dây Da JA-1070E (Nâu)
https://www.lazada.vn/products/dong-ho-nu-julius-han-quoc-day-da-ju1016-ja-844-xanh-den-i141566135-s145988571.html?search=1,Đồng hồ Nữ Julius Hàn Quốc Dây Da JU1016 JA-844 (Xanh Đen)
https://www.lazada.vn/products/dong-ho-nu-julius-han-quoc-ja-732-i141557770-s147186044.html?search=1,Đồng Hồ Nữ Julius Hàn Quốc JA-732
https://www.lazada.vn/products/dong-ho-nu-julius-han-quoc-ja-960d-dong-mat-xanh-i245890354-s315571414.html?search=1,Đồng hồ nữ Julius Hàn Quốc JA-960D (Đồng mặt xanh)
https://www.lazada.vn/products/dong-ho-nu-keep-in-touch-chong-nuoc-day-thep-chong-gi-cao-cap-i246180577-s316110112.html?search=1,"Đồng Hồ Nữ Keep In Touch Chống Nước, Dây Thép Chống Gỉ Cao Cấp"
https://www.lazada.vn/products/dong-ho-nu-platrium-kieu-dang-sang-chanh-den-i161108757-s174855164.html?spm=a2o4n.searchlist.list.11.40529e3bIQDdxO&search=1,Đồng hồ nữ platrium kiểu dáng sang chảnh ( đen )
https://www.lazada.vn/products/dong-ho-nu-skmei-sk064-day-thep-vang-mat-trang-i230951165-s293248611.html?search=1,Đồng Hồ Nữ Skmei SK064 Dây Thép (Vàng mặt trắng)
https://www.lazada.vn/products/dong-ho-nu-skmei-thoi-trang-day-day-sk016-i260239037-s364551050.html?search=1,Đồng hồ nữ Skmei thời trang dây dây SK016
https://www.lazada.vn/products/tang-lac-tang-pin-tang-hop-dong-ho-nu-thoi-trang-cao-cap-mobangtuo-day-nam-cham-chong-suoc-chong-nuoc-i248461588-s325220490.html?search=1,Đồng hồ nữ thời trang cao cấp Mobangtuo dây nam châm chống sước chống nước
https://www.lazada.vn/products/dong-ho-nu-venus-korea-vien-da-sang-trong-tang-hop-pin-i255646958-s348513069.html?spm=a2o4n.searchlist.list.12.27c05b21DD4qqV&search=1,ĐỒNG HỒ NỮ VENUS KOREA Viền Đá Sang Trọng + TẶNG HỘP & PIN
https://www.lazada.vn/products/dong-ho-the-thao-led-skmei-1251-chong-tham-nuoc-mau-den-01-hop-cung-skmei-i135450768-s137439607.html?spm=a2o4n.searchlist.list.91.40529e3bKYpY7r&search=1,Đồng Hồ Thể Thao Led Skmei 1251 chống thấm nước ( Màu đen) + 01 hộp cứng SKMEI
https://www.lazada.vn/products/dong-ho-the-thao-nam-dang-cap-skmei-vk006-chronograph-chay-6-kim-bam-gio-the-thao-day-da-cao-cap-i247761617-s322777058.html?search=1,Đồng hồ thể thao nam đẳng cấp SKMEI VK006 Chronograph chạy 6 kim bấm giờ thể thao dây da cao cấp
https://www.lazada.vn/products/xa-hang-dong-ho-thoi-trang-nam-chong-xuoc-chong-nuoc-cao-cap-co-6-kim-lich-thep-khong-gi-qbin-shop-moi-nhat-2018-mau-bac-mat-xanh-mat-trang-i250060015-s329744917.html?search=1,"Đồng hồ thời trang nam 6 kim , lịch , thép không gỉ QBIN Shop mới nhất 2018"
https://www.lazada.vn/products/dong-ho-thoi-trang-nam-dong-ho-chong-xuoc-dong-ho-doc-dao-day-da-chong-nuoc-dong-ho-quartz-sieu-tiet-kiem-pin-dong-ho-nam-dong-ho-gia-re-dong-ho-qbin-shop-i250251182-s330346522.html?search=1,Đồng hồ thời trang nam Quartz siêu tiết kiệm pin
https://www.lazada.vn/products/dong-ho-thoi-trang-nam-thoi-trang-dong-ho-sanda-i264088157-s378144597.html?search=1,Đồng Hồ Thời Trang Nam Thời Trang - Đồng Hồ SANDA
https://www.lazada.vn/products/dong-ho-thoi-trang-nu-bee-sister-dong-ho-nu-dinh-da-dong-ho-day-kim-loai-dong-ho-thoi-trang-chong-nuoc-tot-i246301538-s316340423.html?search=1,Đồng Hồ Thời Trang Nữ Bee Sister - Đồng Hồ Nữ Đính Đá - Đồng Hồ Dây Kim Loại - Đồng Hồ Thời Trang Chống Nước Tốt
https://www.lazada.vn/products/dong-ho-thoi-trang-nu-cao-cap-chong-nuoc-i252941894-s338082771.html?search=1,Đồng hồ thời trang nữ cao cấp chống nước
https://www.lazada.vn/products/tang-lac-ma-vang-non-tang-pin-tang-hop-dong-ho-thoi-trang-nu-cao-cap-day-kim-loai-chong-nuoc-thuong-hieu-dimini-i246059820-s315903506.html?search=1,Đồng hồ thời trang nữ cao cấp dây kim loại chống nước thương hiệu Dimini ( gold )
https://www.lazada.vn/products/83-la-phu-nu-se-co-qua-tang-lac-tay-hoppin-dong-ho-thoi-trang-nu-cao-cap-day-kim-loai-chong-nuoc-thuong-hieu-dimini-i246377408-s348499216.html?search=1,Đồng hồ thời trang nữ cao cấp dây kim loại chống nước thương hiệu Dimini (blue)
https://www.lazada.vn/products/hang-moi-ve-dong-ho-thoi-trang-nu-geneva-nhieu-mau-dong-ho-6-kim-dong-ho-thoi-trang-nam-dong-ho-thoi-trang-unisex-chong-nuoc-di-mua-rua-tay-dong-ho-qbin-shop-i228248695-s289549331.html?search=1,"Đồng hồ thời trang nữ Geneva , đồng hồ 6 kim"
https://www.lazada.vn/products/dong-ho-thong-minh-a1-gia-re-i102025150-s102407292.html?search=1,Đồng hồ thông minh A1 giá rẻ
https://www.lazada.vn/products/dong-ho-thong-minh-bluetooth-dien-thoai-dz09-trang-trong-i247325807-s320793999.html?search=1,Đồng hồ Thông Minh Bluetooth Điện Thoại DZ09 Trang Trọng
https://www.lazada.vn/products/dong-ho-thong-minh-c1-plus-i100979824-s313103813.html?search=1,Đồng hồ thông minh C1 Plus
https://www.lazada.vn/products/dong-ho-thong-minh-c3-plus-doi-2017-tang-but-cam-ung-i137662539-s140405422.html?search=1,Đồng hồ thông minh C3 plus đời 2017 tặng bút cảm ứng
https://www.lazada.vn/products/dong-ho-thong-minh-chong-nuoc-quan-ly-va-dinh-vi-tre-em-df25-hang-nhap-khau-i253308258-s338685056.html?search=1,Đồng hồ Thông minh Chống nước quản lý và định vị trẻ em DF25 - Hàng nhập khẩu
https://www.lazada.vn/products/dong-ho-thong-minh-da-mau-sac-smartwatch-sa01-i143185283-s147956209.html?search=1,Đồng hồ thông minh đa màu sắc Smartwatch SA01
https://www.lazada.vn/products/dong-ho-thong-minh-dien-thoai-2017-hong-tang-kem-but-cam-ung-i136161470-s138344787.html?search=1,Đồng hồ thông minh điện thoại 2017 (Hồng)
https://www.lazada.vn/products/dong-ho-thong-minh-dien-thoai-sv8-tang-but-cam-ung-i137653812-s140389263.html?search=1,Đồng Hồ Thông Minh Điện Thoại SV8 tặng bút cảm ứng
https://www.lazada.vn/products/dong-ho-thong-minh-dinh-vi-tre-em-e5-tang-kem-sim-i258909347-s359808310.html?search=1,Đồng hồ thông minh định vi trẻ em E5 + Tặng kèm sim
https://www.lazada.vn/products/dong-ho-thong-minh-dmt09-i102179684-s146631716.html?spm=a2o4n.searchlist.list.85.450f31f6oNf61M&search=1,Đồng Hồ Thông Minh DMT09
https://www.lazada.vn/products/dong-ho-thong-minh-dz09-vang-va-viet-cam-ung-i136268374-s138500902.html?search=1,Đồng hồ thông minh DZ09 (Vàng) và Viết cảm ứng
https://www.lazada.vn/products/dong-ho-thong-minh-dz09-the-he-moi-nghe-goi-nhan-tin-thong-bao-cuoc-goi-dam-thoai-tu-dien-thoai-i246314923-s316368658.html?search=1,Đồng Hồ Thông Minh Dz09 Thế Hệ Mới
https://www.lazada.vn/products/dong-ho-thong-minh-gan-sim-sa01-tang-kem-1-but-cam-ung-i102636644-s103188852.html?search=1,Đồng hồ thông minh gắn sim SA01+ Tặng kèm 1 bút cảm ứng
https://www.lazada.vn/products/dong-ho-thong-minh-h2-i261286800-s367826627.html?search=1,Đồng hồ thông minh H2
https://www.lazada.vn/products/dong-ho-thong-minh-huawei-talkband-b5-tich-hop-cong-nghe-phan-tich-the-trang-do-nhip-tim-theo-doi-giac-ngu-bao-thuc-i263342542-s376254170.html?search=1,"Đồng Hồ Thông Minh Huawei TalkBand B5 tích hợp công nghệ phân tích thể trạng, đo nhịp tim, theo dõi giấc ngủ, báo thức"
https://www.lazada.vn/products/dong-ho-thong-minh-huawei-watch-2-hang-phan-phoi-chinh-thuc-i253617182-s340901300.html?search=1,Đồng Hồ Thông Minh Huawei Watch 2 - Hãng phân phối chính thức
https://www.lazada.vn/products/dong-ho-thong-minh-huawei-watch-gt-i265238596-s381478269.html?search=1,Đồng Hồ Thông Minh Huawei Watch GT
https://www.lazada.vn/products/dong-ho-thong-minh-huawei-watch-gt-hang-phan-phoi-chinh-thuc-i266350887-s386138690.html?search=1,Đồng Hồ Thông Minh Huawei Watch GT - Hãng Phân Phối Chính Thức
https://www.lazada.vn/products/dong-ho-thong-minh-huawei-watch-gt-hang-phan-phoi-chinh-thuc-i266350887-s421758265.html?search=1,Đồng Hồ Thông Minh Huawei Watch GT - Hãng Phân Phối Chính Thức
https://www.lazada.vn/products/dong-ho-thong-minh-inwatch-black-doi-2017-tang-but-cam-ung-den-i101096247-s101265098.html?search=1,Đồng hồ thông minh InWatch Black đời 2017
https://www.lazada.vn/products/dong-ho-thong-minh-inwatch-c-plus-doi-2017-i101096283-s147342973.html?search=1,Đồng hồ thông minh InWatch C plus đời 2017
https://www.lazada.vn/products/dong-ho-thong-minh-q9-co-wifi3g-ho-tro-khe-cam-the-nho-tfcard-i258425177-s358404882.html?search=1,Đồng hồ thông minh Q9 có Wifi/3G – Hỗ trợ khe cắm thẻ nhớ TFcard
https://www.lazada.vn/products/dong-ho-thong-minh-sa1-pink-tang-kem-combo-but-cam-ung-va-the-nho-i246500185-s316772402.html?search=1,Đồng hồ thông minh SA1 Pink + Tặng kèm combo bút cảm ứng và thẻ nhớ
https://www.lazada.vn/products/dong-ho-thong-minh-sa1-tang-kem-coc-sac-i250728838-s331660904.html?search=1,Đồng hồ thông minh SA1 tặng kèm cốc sạc
https://www.lazada.vn/products/dong-ho-thong-minh-smart-watch-a1-i107063940-s108399968.html?spm=a2o4n.searchlist.list.172.585131f6KTl10L&search=1,Đồng hồ thông minh Smart watch A1
https://www.lazada.vn/products/dong-ho-thong-minh-smart-watch-a1-den-i106993165-s108321189.html?search=1,Đồng hồ thông minh Smart watch A1 (Đen)
https://www.lazada.vn/products/dong-ho-thong-minh-smart-watch-a1-den-i136164220-s138347945.html?search=1,Đồng hồ thông minh Smart watch A1 (Đen)
https://www.lazada.vn/products/dong-ho-thong-minh-smart-watch-a1-hong-i244325083-s313026854.html?search=1,Đồng hồ thông minh Smart watch A1 (Hồng)
https://www.lazada.vn/products/dong-ho-thong-minh-smart-watch-a1-gan-sim-doc-lap-xanh-la-i2112428-s147350991.html?search=1,Đồng hồ thông minh Smart Watch A1 gắn sim độc lập (Xanh lá)  
https://www.lazada.vn/products/dong-ho-thong-minh-smart-watch-dz09-i133366721-s134391345.html?search=1,Đồng hồ thông minh Smart watch DZ09
https://www.lazada.vn/products/dong-ho-thong-minh-smart-watch-dz09-2-mau-chon-i250058026-s329754049.html?search=1,Đồng hồ thông minh Smart watch DZ09 ( 2 Màu Chọn )
https://www.lazada.vn/products/dong-ho-thong-minh-smart-watch-dz09-den-i107063383-s108399335.html?search=1,Đồng hồ thông minh Smart Watch DZ09 Đen
https://www.lazada.vn/products/dong-ho-thong-minh-smart-watch-sa1-mau-hong-pink-i247026233-s319304857.html?search=1,ĐỒNG HỒ THÔNG MINH SMART WATCH SA1 - MÀU HỒNG PINK
https://www.lazada.vn/products/dong-ho-thong-minh-smart-watch-sa1-mau-trang-white-i247042051-s319309463.html?search=1,Đồng hồ thông minh SMART WATCH SA1 - màu trắng
https://www.lazada.vn/products/dong-ho-thong-minh-smart-watch-sa1-mau-trang-white-i247032560-s319325737.html?search=1,Đồng hồ thông minh SMART WATCH SA1 - màu trắng
https://www.lazada.vn/products/dong-ho-thong-minh-smart-watch-uwatch-dz09-hang-nhap-khau-i101127877-s101304966.html?search=1,Đồng hồ thông minh Smart Watch Uwatch DZ09 - Hàng nhập khẩu
https://www.lazada.vn/products/dong-ho-thong-minh-smart-watch-uwatch-dz09-hang-nhap-khau-i101127876-s101304965.html?search=1,Đồng hồ thông minh Smart Watch Uwatch DZ09 - Hàng nhập khẩu
https://www.lazada.vn/products/dong-ho-thong-minh-smart-watch-uwatch-dz09-vang-i223602661-s281820613.html?search=1,Đồng Hồ thông minh Smart Watch Uwatch DZ09 (Vàng)
https://www.lazada.vn/products/dong-ho-thong-minh-smart-watch-x6-man-hinh-cong-cao-cap-ban-quoc-te-dong-ho-thong-minh-chong-nuoc-dong-ho-thong-minh-tre-em-dong-ho-thong-minh-co-wifi-dong-ho-thong-minh-gia-re-vong-tay-thong-minh-the-gioi-dong-ho-i265218356-s381436451.html?search=1,Đồng hồ thông minh Smart Watch X6 Màn Hình Cong
https://www.lazada.vn/products/dong-ho-thong-minh-smart-watch-x6-man-hinh-cong-cao-cap-co-tieng-viet-dong-ho-thong-minh-chong-nuoc-dong-ho-thong-minh-tre-em-dong-ho-thong-minh-co-bluetooth-dong-ho-thong-minh-gia-re-vong-tay-thong-minh-ha-noi-store-i271938521-s411378845.html?search=1,"Đồng hồ thông minh Smart Watch X6 Màn Hình Cong Cao cấp (Có Tiếng Việt) - Đồng hồ thông minh chống nước, Đồng hồ thông minh trẻ em, Đồng hồ thông minh có bluetooth, Đồng hồ thông minh giá rẻ - Vòng tay thông minh - Hà Nội Store"
https://www.lazada.vn/products/dong-ho-thong-minh-smart-watch-x6-man-hinh-cong-cao-cap-tieng-viet-dong-ho-thong-minh-chong-nuoc-dong-ho-thong-minh-tre-em-dong-ho-thong-minh-co-bluetooth-dong-ho-thong-minh-gia-re-vong-tay-thong-minh-i253561809-s341132573.html?search=1,Đồng hồ thông minh Smart Watch X6 Màn Hình Cong Cao cấp Tiếng Việt
https://www.lazada.vn/products/dong-ho-thong-minh-smart-watch-y1-cao-cap-co-tieng-viet-nghe-goi-2-chieu-nghe-nhac-theo-doi-suc-khoe-dong-ho-thong-minh-tre-em-dong-ho-thong-minh-gia-re-vong-tay-thong-minh-vong-theo-doi-van-dong-i272240492-s412504811.html?search=1,"Đồng hồ thông minh Smart Watch Y1 Cao cấp có Tiếng Việt - Nghe gọi 2 chiều, nghe nhạc, theo dõi sức khỏe, Đồng hồ thông minh trẻ em, Đồng hồ thông minh giá rẻ - Vòng tay thông minh, Vòng theo dõi vận động"
https://www.lazada.vn/products/dong-ho-thong-minh-smartwatch-dmt08-i102180246-s102617837.html?search=1,Đồng Hồ Thông Minh SmartWatch DMT08
https://www.lazada.vn/products/dong-ho-thong-minh-smartwatch-dz09-chinh-hang-gia-re-i101892253-s102242383.html?search=1,Đồng hồ thông minh SmartWatch DZ09 chính hãng giá rẻ
https://www.lazada.vn/products/dong-ho-thong-minh-smartwatch-dz09-dung-sim-i246310544-s316359885.html?search=1,Đồng Hồ Thông Minh Smartwatch DZ09 Dùng Sim
https://www.lazada.vn/products/dong-ho-thong-minh-smartwatch-gia-re-dz09-bac8-i247686945-s322411380.html?search=1,Đồng hồ thông minh SMARTWATCH giá rẻ DZ09 - BẠC.8
https://www.lazada.vn/products/dong-ho-thong-minh-smartwatch-m9-den-i136913389-s139417835.html?search=1,Đồng hồ thông minh SmartWatch M9 (Đen)
https://www.lazada.vn/products/dong-ho-thong-minh-smartwatch-putoca-xy08-pro-gan-sim-doc-lap-tang-tai-nghe-bluetooth-i105856038-s106982523.html?search=1,Đồng hồ thông minh Smartwatch PUTOCA XY08 Pro
https://www.lazada.vn/products/dong-ho-thong-minh-smartwatch-sa1-hong-tang-kem-the-nho-va-but-cam-ung-i143248794-s148053157.html?search=1,Đồng hồ thông minh SMARTWATCH SA1 (Hồng)
https://www.lazada.vn/products/dong-ho-thong-minh-suc-khoe-nam-skmei-1227-smart-watch-pin-1-nam-ma-dha475-i135691919-s137765406.html?search=1,Đồng hồ Thông Minh Sức Khỏe Nam Skmei 1227 Smart Watch Pin 1 Năm
https://www.lazada.vn/products/free-gift-dong-ho-thong-minh-sx6-man-hinh-cong-trang-tang-kem-mat-kieng-tai-nghe-i235346067-s299829414.html?search=1,Đồng hồ thông minh SX6 màn hình cong (Trắng)
https://www.lazada.vn/products/free-gift-dong-ho-thong-minh-sx6-man-hinh-cong-trang-tang-kem-mat-kieng-tai-nghe-i235346067-s299829414.html?search=1,Đồng hồ thông minh SX6 màn hình cong (Trắng) 
https://www.lazada.vn/products/dong-ho-thong-minh-v8-nghe-goi-nhan-tin-2-chieu-nghe-nhac-chup-hinh-co-tieng-viet-i242767685-s310643599.html?search=1,"Đồng hồ thông minh V8 - Nghe gọi nhắn tin 2 chiều, Nghe nhạc, Chụp hình"
https://www.lazada.vn/products/dong-ho-thong-minh-v8-bluetooth-man-hinh-tron-122-inch-ho-tro-the-sim-co-camera-dong-ho-thong-minh-smartwatch-cho-dien-thoai-thong-minh-i265146006-s381252041.html?search=1,Đồng Hồ Thông Minh V8 Bluetooth Màn Hình Tròn 1.22 inch
https://www.lazada.vn/products/dong-ho-thong-minh-v8-mat-tron-sang-trong-i136147733-s138330888.html?spm=a2o4n.searchlist.list.25.617431f6O8WSBT&search=1,Đồng hồ thông minh V8 mặt tròn sang trọng
https://www.lazada.vn/products/dong-ho-thong-minh-va-dinh-vi-tre-em-q50-hang-nhap-khau-i237981345-s303660683.html?search=1,Đồng hồ thông minh và định vị trẻ em Q50 - Hàng nhập khẩu
https://www.lazada.vn/products/dong-ho-thong-minh-wimate-brand-wiko-i251374009-s333072847.html?search=1,ĐỒNG HỒ THÔNG MINH WIMATE- BRAND WIKO
https://www.lazada.vn/products/dong-ho-thong-minh-wi-watch-m9-den-tang-kem-the-nho-4gb-i136157833-s138352051.html?search=1,Đồng hồ thông minh Wi-Watch M9 (Đen) + Tặng kèm thẻ nhớ 4Gb
https://www.lazada.vn/products/dong-ho-thong-minh-x6-man-hinh-cong-tang-the-nho-8gb-i103377222-s104205181.html?search=1,Đồng Hồ Thông Minh X6 Màn Hình Cong tặng thẻ nhớ 8GB
https://www.lazada.vn/products/dong-ho-thong-minh-x8-ket-noi-wifi3g-ho-tro-camera-kep-i222305035-s279864519.html?search=1,"Đồng hồ thông minh X8 kết nối Wifi,3G hỗ trợ camera kép"
https://www.lazada.vn/products/dong-ho-thong-minh-x86-ket-noi-wifi-3g-pin-khung-600mah-i222290245-s279850035.html?search=1,"Đồng hồ thông minh X86 – Kết nối Wifi, 3G pin khủng 600Mah"
https://www.lazada.vn/products/dong-ho-thong-minh-xiaomi-amazfit-bip-hang-chinh-hang-i211151381-s264263575.html?search=1,Đồng Hồ Thông Minh Xiaomi Amazfit Bip - Hàng Chính Hãng
https://www.lazada.vn/products/dong-ho-thong-minh-xiaomi-amazfit-bip-do-i211147492-s264265399.html?search=1,Đồng hồ thông minh Xiaomi Amazfit Bip (Đỏ)
https://www.lazada.vn/products/dong-ho-thong-minh-xiaomi-amazfit-pace-hang-chinh-hang-i211150742-s264277776.html?search=1,Đồng Hồ Thông Minh Xiaomi Amazfit Pace - Hàng Chính Hãng
https://www.lazada.vn/products/dong-ho-tre-em-coolboss-0119-mau-do-i209749523-s261779781.html?search=1,Đồng hồ trẻ em Coolboss 0119 ( Màu Đỏ)
https://www.lazada.vn/products/dong-ho-unisex-timex-waterbury-40mm-tw2p95800-nau-i2485945-s3037511.html?search=1,Đồng hồ Unisex Timex Waterbury 40mm TW2P95800 (Nâu)
https://www.lazada.vn/products/dong-ho-unisex-timex-weekender-38mm-t2n651-xanh-i101120812-s101295059.html?search=1,Đồng hồ Unisex Timex Weekender 38mm T2N651 (Xanh)
https://www.lazada.vn/products/dong-ho-unisex-timex-weekender-chronograph-leather-strap-watch-40mm-tw2p62300-nau-i266446052-s386450193.html?search=1,Đồng hồ Unisex Timex Weekender Chronograph Leather Strap Watch 40mm TW2P62300 - Nâu
https://www.lazada.vn/products/dong-no-nam-day-thep-khong-gi-obaku-v153gdcimc-bac-i538642-s666050.html?search=1,Đồng nồ nam dây thép không gỉ OBAKU V153GDCIMC (Bạc)
https://www.lazada.vn/products/hang-chinh-hang-casio-ae-2000w-1bvdf-i259206301-s361054771.html?search=1,Hàng Chính Hãng Casio AE-2000W-1BVDF
https://www.lazada.vn/products/hang-chinh-hang-casio-ae-3000w-9avdf-i258300670-s358239319.html?search=1,Hàng Chính Hãng Casio AE-3000W-9AVDF
https://www.lazada.vn/products/hang-chinh-hang-casio-amw-710d-1avdf-i258302632-s358250888.html?search=1,Hàng Chính Hãng Casio AMW-710D-1AVDF
https://www.lazada.vn/products/hang-chinh-hang-casio-aq-190wd-1avdf-i258559247-s358727349.html?search=1,Hàng Chính Hãng Casio AQ-190WD-1AVDF
https://www.lazada.vn/products/hang-chinh-hang-casio-efr-537l-1avdf-i259956714-s363949443.html?search=1,Hàng Chính Hãng Casio EFR-537L-1AVDF
https://www.lazada.vn/products/hang-chinh-hang-casio-ltp-e116d-4avdf-i259931774-s363938818.html?search=1,Hàng Chính Hãng Casio LTP-E116D-4AVDF
https://www.lazada.vn/products/hang-chinh-hang-casio-ltp-e118d-1adf-i259955852-s363969619.html?search=1,Hàng Chính Hãng Casio LTP-E118D-1ADF
https://www.lazada.vn/products/hang-chinh-hang-casio-mrw-400h-9avdf-i259207391-s361059875.html?search=1,Hàng Chính Hãng Casio MRW-400H-9AVDF
https://www.lazada.vn/products/hang-chinh-hang-casio-mtd-1075bk-1a1vdf-i259937804-s363943474.html?search=1,Hàng Chính Hãng Casio MTD-1075BK-1A1VDF
https://www.lazada.vn/products/hang-chinh-hang-casio-mtd-1076-7a4vdf-i259981653-s363997766.html?search=1,Hàng Chính Hãng Casio MTD-1076-7A4VDF
https://www.lazada.vn/products/hang-chinh-hang-casio-mtd-1080-8avdf-i259940893-s363955292.html?search=1,Hàng Chính Hãng Casio MTD-1080-8AVDF
https://www.lazada.vn/products/hang-chinh-hang-casio-mtd-1082-9avdf-i260063020-s363965901.html?search=1,Hàng Chính Hãng Casio MTD-1082-9AVDF
https://www.lazada.vn/products/hang-chinh-hang-casio-mtp-e104d-4avdf-i259954811-s363958992.html?search=1,Hàng Chính Hãng Casio MTP-E104D-4AVDF
https://www.lazada.vn/products/hang-chinh-hang-casio-mtp-e112l-7avdf-i259952902-s363980007.html?search=1,Hàng Chính Hãng Casio MTP-E112L-7AVDF
https://www.lazada.vn/products/hang-chinh-hang-casio-mtp-e116d-1avdf-i259945933-s363977204.html?search=1,Hàng Chính Hãng Casio MTP-E116D-1AVDF
https://www.lazada.vn/products/hang-chinh-hang-casio-mtp-e119d-4avdf-i259955397-s363812349.html?search=1,Hàng Chính Hãng Casio MTP-E119D-4AVDF
https://www.lazada.vn/products/hang-chinh-hang-casio-mtp-e309d-2bvdf-i258842892-s359714477.html?search=1,Hàng Chính Hãng Casio MTP-E309D-2BVDF
https://www.lazada.vn/products/hang-chinh-hang-casio-mtp-e309l-3avdf-i259218338-s361056892.html?search=1,Hàng Chính Hãng Casio MTP-E309L-3AVDF
https://www.lazada.vn/products/hang-chinh-hang-casio-mtp-tw100l-7a2vdf-i259945936-s363980019.html?search=1,Hàng Chính Hãng Casio MTP-TW100L-7A2VDF
https://www.lazada.vn/products/hang-chinh-hang-casio-mtp-tw101d-7avdf-i259023534-s360299303.html?search=1,Hàng Chính Hãng Casio MTP-TW101D-7AVDF
https://www.lazada.vn/products/hang-chinh-hang-casio-sgw-500hd-1bvdr-i259981530-s363969494.html?search=1,Hàng Chính Hãng Casio SGW-500HD-1BVDR
https://www.lazada.vn/products/huawei-watch-2-phien-ban-bluetooth-i252532637-s336403631.html?search=1,HUAWEI Watch 2 (Phiên bản Bluetooth)
https://www.lazada.vn/products/miband-3-dong-ho-thong-minh-phien-ban-tieng-viet-i244051943-s312637726.html?search=1,MIBAND 3 ĐỒNG HỒ THÔNG MINH - PHIÊN BẢN TIẾNG VIỆT
https://www.lazada.vn/products/moc-khoa-dong-ho-dien-tu-den-led-hien-gio-va-ngay-thang-chieu-tuong-hoac-tran-nha-vat-dung-di-kem-voi-chum-chia-khoa-i248756103-s326348864.html?search=1,Móc Khoá Đồng Hồ Điện Tử Đèn Led Hiện Giờ
https://www.lazada.vn/products/vong-deo-tay-thong-minh-do-huyet-ap-theo-doi-van-dong-hien-thi-cuoc-goi-tin-nhan-ilepo-z6-den-i266474628-s386608638.html?search=1,"Vòng đeo tay thông minh đo huyết áp, theo dõi vận động, hiển thị cuộc gọi, tin nhắn ILEPO Z6 Đen"
https://www.lazada.vn/products/vong-deo-tay-thong-minh-m2-do-nhip-tim-ket-noi-bluetoothdong-ho-thong-minh-chong-nuoc-vong-tay-dong-ho-day-deo-tay-tap-the-thao-vong-theo-doi-suc-khoe-vong-theo-doi-van-dong-i257957167-s357305441.html?search=1,Vòng đeo tay thông minh M2 Đo Nhịp Tim kết nối Bluetooth
https://www.lazada.vn/products/chuan-nhap-vong-deo-tay-thong-minh-smart-band-m3-do-nhip-tim-ket-noi-bluetoothdong-ho-thong-minh-chong-nuoc-vong-tay-dong-ho-day-deo-tay-tap-the-thao-vong-theo-doi-suc-khoe-vong-theo-doi-van-dong-chong-tham-nuoc-ipx5-i252903562-s337745956.html?search=1,Vòng đeo tay thông minh Smart Band M3
https://www.lazada.vn/products/chuan-nhap-vong-deo-tay-thong-minh-smart-band-m3-do-nhip-tim-ket-noi-bluetoothdong-ho-thong-minh-chong-nuoc-vong-tay-dong-ho-day-deo-tay-tap-the-thao-vong-theo-doi-suc-khoe-vong-theo-doi-van-dong-chong-tham-nuoc-ipx5-i252903562-s337745956.html?search=1,Vòng đeo tay thông minh Smart Band M3 Đo Nhịp Tim kết nối Bluetoot
https://www.lazada.vn/products/sale-50-vong-deo-tay-thong-minh-smart-band-m3-do-nhip-tim-ket-noi-bluetoothdong-ho-thong-minh-chong-nuoc-vong-tay-dong-ho-day-deo-tay-tap-the-thao-vong-theo-doi-suc-khoe-vong-theo-doi-van-dong-i258174545-s357925437.html?search=1,Vòng đeo tay thông minh Smart Band M3 Đo Nhịp Tim kết nối Bluetooth ( green )
https://www.lazada.vn/products/vong-deo-tay-thong-minh-smart-band-m3-do-nhip-tim-ket-noi-bluetoothdong-ho-thong-minh-chong-nuoc-vong-tay-dong-ho-day-deo-tay-tap-the-thao-vong-theo-doi-suc-khoe-vong-theo-doi-van-dong-dong-ho-thong-minh-gia-re-i272406184-s412682779.html?search=1,"Vòng đeo tay thông minh Smart Band M3 Đo Nhịp Tim kết nối Bluetooth.Đồng hồ Thông Minh Chống Nước Vòng Tay Đồng Hồ Dây Đeo Tay Tập Thể Thao, Vòng Theo Dõi Sức khỏe, Vòng Theo dõi vận động, Đồng hồ thông minh giá rẻ"
